CODE_UIC;CODE UIC8;GARE;Ligne;Handicap Moteur;Handicap Visuel;Handicap Auditif;Handicap Mental
393843;87393843;SAINT QUENTIN EN YVELINES;LIGNE C;3.0;2.0;2.0;2.0
116087;87116087;MORMANT;LIGNE P;3.0;3.0;3.0;3.0
386409;87386409;HOUILLES CARRIERES SUR SEINE;LIGNE A;2.0;2.0;2.0;2.0
382358;87382358;SAINT-CLOUD;LIGNE U;2.0;2.0;2.0;2.0
546200;87546200;ORLY VILLE;LIGNE C;3.0;2.0;2.0;2.0
276030;87276030;CHAMP DE COURSES D'ENGHIEN;LIGNE H;3.0;2.0;2.0;2.0
276626;87276626;VAUCELLES;LIGNE H;3.0;3.0;3.0;3.0
276162;87276162;CHAPONVAL;LIGNE H;3.0;3.0;3.0;3.0
545293;87545293;VITRY SUR SEINE;LIGNE C;3.0;2.0;2.0;2.0
116244;87116244;MORTCERF;LIGNE P;3.0;3.0;3.0;3.0
681353;87681353;GRAND BOURG;LIGNE D;3.0;3.0;3.0;3.0
381871;87381871;FRETTE MONTIGNY (LA);LIGNE J;3.0;2.0;2.0;2.0
391565;87391565;CLAMART;LIGNE N;3.0;2.0;2.0;2.0
381244;87381244;GISORS;LIGNE J;2.0;2.0;2.0;2.0
115873;87115873;CHAMPBENOIST POIGNY;LIGNE P;3.0;3.0;3.0;3.0
276584;87276584;ERMONT HALTE;LIGNE H;3.0;3.0;3.0;3.0
681627;87681627;PLESSIS CHENET (LE);LIGNE D;3.0;3.0;3.0;3.0
113746;87113746;NOGENT LE PERREUX;LIGNE E;2.0;2.0;2.0;2.0
381905;87381905;CERGY PREFECTURE;LIGNE L;2.0;2.0;2.0;2.0
116327;87116327;ESBLY;LIGNE P;2.0;2.0;2.0;2.0
276220;87276220;VILLIERS LE BEL GONESSE ARNOUVILLE;LIGNE D;3.0;2.0;2.0;2.0
386730;87386730;AUBERGENVILLE ELISABETHVILLE;LIGNE J;3.0;2.0;2.0;2.0
682146;87682146;COMBS LA VILLE QUINCY;LIGNE D;3.0;2.0;2.0;2.0
116012;87116012;GRETZ ARMAINVILLIERS;LIGNE E;3.0;2.0;2.0;2.0
545178;87545178;BOURAY;LIGNE C;3.0;2.0;2.0;2.0
381186;87381186;SANTEUIL LE PERCHAY;LIGNE J;3.0;3.0;3.0;3.0
271023;87271023;PARIS GARE DU NORD;LIGNE D;2.0;2.0;2.0;2.0
276154;87276154;PONT PETIT;LIGNE H;3.0;3.0;3.0;3.0
116046;87116046;EMERAINVILLE PONTAULT COMBAULT;LIGNE E;2.0;2.0;2.0;2.0
682518;87682518;BOISSISE LE ROI;LIGNE D;3.0;3.0;3.0;3.0
686006;87686006;PARIS GARE DE LYON souterrain;LIGNE D;2.0;2.0;2.0;2.0
334482;87334482;NEUVILLE UNIVERSITE;LIGNE A;2.0;2.0;2.0;2.0
271445;87271445;SEVRAN-BEAUDOTTES;LIGNE B;2.0;2.0;2.0;2.0
116178;87116178;SAINTE-COLOMBE SEPTVEILLES;LIGNE P;3.0;3.0;3.0;3.0
271411;87271411;AULNAY-SOUS-BOIS;LIGNE K;2.0;2.0;2.0;2.0
276659;87276659;FRÉPILLON;LIGNE H;3.0;3.0;3.0;3.0
393835;87393835;TRAPPES;LIGNE U;3.0;2.0;2.0;2.0
681346;87681346;ORANGIS BOIS DE L'EPINE;LIGNE D;3.0;2.0;2.0;2.0
276261;87276261;SURVILLIERS FOSSES;LIGNE D;3.0;2.0;2.0;2.0
547307;87547307;MUSEE D'ORSAY;LIGNE C;3.0;2.0;2.0;2.0
276089;87276089;MONTINGY-BEAUCHAMP;LIGNE C;3.0;2.0;2.0;2.0
545301;87545301;IVRY-SUR-SEINE;LIGNE C;3.0;2.0;2.0;2.0
393165;87393165;PORCHEFONTAINE;LIGNE C;3.0;2.0;2.0;2.0
113704;87113704;ROSNY SOUS BOIS;LIGNE E;2.0;2.0;2.0;2.0
682179;87682179;MEE (LE);LIGNE D;3.0;2.0;2.0;2.0
381145;87381145;OSNY;LIGNE J;3.0;2.0;2.0;2.0
545194;87545194;BRETIGNY;LIGNE C;3.0;2.0;2.0;2.0
545244;87545244;JUVISY;LIGNE D;3.0;2.0;2.0;2.0
393561;87393561;IGNY;LIGNE C;3.0;3.0;3.0;3.0
386003;87386003;GARENNE COLOMBES (LA);LIGNE L;2.0;2.0;2.0;2.0
164780;87164780;STADE DE FRANCE SAINT-DENIS;LIGNE D;2.0;2.0;2.0;2.0
988709;87988709;REMISE A JORELLE;LIGNE T4;1.0;1.0;1.0;1.0
393447;87393447;ORGERUS BEHOUST;LIGNE N;3.0;3.0;3.0;3.0
681510;87681510;BUNO GIRONVILLE;LIGNE D;3.0;3.0;3.0;3.0
682419;87682419;CHARTRETTES;LIGNE R;3.0;3.0;3.0;3.0
381830;87381830;MEULAN HARDRICOURT;LIGNE J;3.0;2.0;2.0;2.0
276055;87276055;ERMONT EAUBONNE;LIGNE J;2.0;2.0;2.0;2.0
276147;87276147;ÉPLUCHES;LIGNE H;3.0;3.0;3.0;3.0
697318;87697318;VILLETANEUSE UNIVERSITE;LIGNE T11;1.0;1.0;1.0;1.0
697334;87697334;STAINS LA CERISAIE;LIGNE T11;1.0;1.0;1.0;1.0
276527;87276527;ISLE ADAM PARMAIN (L');LIGNE H;3.0;2.0;2.0;2.0
393207;87393207;CHAVILLE RIVE GAUCHE;LIGNE N;3.0;2.0;2.0;2.0
391003;87391003;PARIS MONTPARNASSE;LIGNE N;2.0;2.0;2.0;2.0
686030;87686030;PARIS GARE DE LYON surface;LIGNE R;2.0;2.0;2.0;2.0
545202;87545202;SAINT MICHEL SUR ORGE;LIGNE C;3.0;2.0;2.0;2.0
382861;87382861;VERSAILLES RIVE DROITE;LIGNE L;2.0;2.0;2.0;2.0
381038;87381038;AVENUE FOCH;LIGNE C;3.0;2.0;2.0;2.0
381087;87381087;COLOMBES;LIGNE J;2.0;2.0;2.0;2.0
116517;87116517;FERTÉ SOUS JOUARRE (LA);LIGNE P;3.0;2.0;2.0;2.0
276113;87276113;CHANTILLY GOUVIEUX;LIGNE D;0.0;2.0;2.0;2.0
393579;87393579;MASSY-PALAISEAU;LIGNE C;3.0;2.0;2.0;2.0
276402;87276402;SAINT-LEU D'ESSERENT;LIGNE H;0.0;2.0;2.0;2.0
116301;87116301;COULOMMIERS;LIGNE P;2.0;2.0;2.0;2.0
113209;87113209;PANTIN;LIGNE E;3.0;2.0;2.0;2.0
681452;87681452;FERTE ALAIS (LA);LIGNE D;3.0;3.0;3.0;3.0
116574;87116574;CHEZY SUR MARNE;LIGNE P;0.0;0.0;0.0;0.0
116111;87116111;CHELLES GOURNAY;LIGNE P;2.0;2.0;2.0;2.0
116285;87116285;MOUROUX;LIGNE P;3.0;3.0;3.0;3.0
682005;87682005;MELUN;LIGNE R;3.0;2.0;2.0;2.0
382465;87382465;MARLY LE ROI;LIGNE L;3.0;2.0;2.0;2.0
608802;87608802;CRETEIL POMPADOUR;LIGNE D;2.0;2.0;2.0;2.0
382218;87382218;DEFENSE (LA);LIGNE U;2.0;2.0;2.0;2.0
684191;87684191;BAGNEAUX SUR LOING;LIGNE R;3.0;3.0;3.0;3.0
682526;87682526;PONTHIERRY PRINGY;LIGNE D;3.0;3.0;3.0;3.0
271403;87271403;DRANCY;LIGNE B;2.0;2.0;2.0;2.0
393082;87393082;MEUDON VAL-FLEURY;LIGNE C;3.0;2.0;2.0;2.0
545251;87545251;ATHIS-MONS;LIGNE C;3.0;2.0;2.0;2.0
382341;87382341;SEVRES VILLE D'AVRAY;LIGNE U;3.0;2.0;2.0;2.0
382200;87382200;COURBEVOIE;LIGNE L;3.0;2.0;2.0;2.0
276006;87276006;CREIL;LIGNE H;0.0;2.0;2.0;2.0
381723;87381723;MAULE;LIGNE N;3.0;3.0;3.0;3.0
681155;87681155;MAISONS ALFORT ALFORTVILLE;LIGNE D;3.0;2.0;2.0;2.0
681437;87681437;BALLANCOURT;LIGNE D;3.0;3.0;3.0;3.0
276287;87276287;BORNE BLANCHE (LA);LIGNE D;0.0;0.0;0.0;0.0
545236;87545236;SAVIGNY SUR ORGE;LIGNE C;3.0;2.0;2.0;2.0
381202;87381202;VILLETERTRE (LA);LIGNE J;0.0;0.0;0.0;0.0
681411;87681411;MENNECY;LIGNE D;3.0;2.0;2.0;2.0
381137;87381137;ASNIERES SUR SEINE;LIGNE L;2.0;2.0;2.0;2.0
545244;87545244;JUVISY-SUR-ORGE;LIGNE C;3.0;2.0;2.0;2.0
381897;87381897;CONFLANS SAINTE-HONORINE;LIGNE J;2.0;2.0;2.0;2.0
113852;87113852;PAVILLONS SOUS BOIS (LES);LIGNE T4;1.0;1.0;1.0;1.0
393280;87393280;ESSARTS LE ROI (LES);LIGNE N;3.0;2.0;2.0;2.0
393124;87393124;SEVRES RIVE GAUCHE;LIGNE N;3.0;2.0;2.0;2.0
271395;87271395;BOURGET (LE);LIGNE T11;1.0;1.0;1.0;1.0
681361;87681361;EVRY VAL DE SEINE;LIGNE D;3.0;2.0;2.0;2.0
684415;87684415;MALESHERBES;LIGNE D;0.0;2.0;2.0;2.0
116269;87116269;GUERARD LA CELLE SUR MORIN;LIGNE P;3.0;3.0;3.0;3.0
276600;87276600;SAINT-LEU LA FORÊT;LIGNE H;2.0;2.0;2.0;2.0
116749;87116749;VILLIERS MONTBARBIN;LIGNE P;3.0;3.0;3.0;3.0
271163;87271163;PIERREFITTE STAINS;LIGNE D;3.0;2.0;2.0;2.0
386425;87386425;MAISONS LAFFITTE;LIGNE L;2.0;2.0;2.0;2.0
545269;87545269;ABLON;LIGNE C;3.0;2.0;2.0;2.0
545145;87545145;ETRECHY;LIGNE C;3.0;2.0;2.0;2.0
681619;87681619;VILLABE;LIGNE D;3.0;3.0;3.0;3.0
276543;87276543;AUVERS SUR OISE;LIGNE H;3.0;3.0;3.0;3.0
386649;87386649;VILLENNES SUR SEINE;LIGNE J;3.0;2.0;2.0;2.0
415885;87415885;ROSNY SUR SEINE;LIGNE J;3.0;3.0;3.0;3.0
116228;87116228;MARLES EN BRIE;LIGNE P;3.0;3.0;3.0;3.0
545475;87545475;EGLY;LIGNE C;3.0;3.0;3.0;3.0
366922;87366922;SAINT-GERMAIN EN LAYE BEL AIR FOURQUEUX;LIGNE L;1.0;1.0;1.0;1.0
381210;87381210;LIANCOURT SAINT-PIERRE;LIGNE J;0.0;0.0;0.0;0.0
758607;87758607;CHÂTELET LES HALLES;LIGNE D;3.0;2.0;2.0;2.0
276576;87276576;LUZARCHES;LIGNE H;2.0;2.0;2.0;2.0
116632;87116632;LIZY SUR OURCQ;LIGNE P;3.0;3.0;3.0;3.0
393413;87393413;VILLEPREUX LES CLAYES;LIGNE N;3.0;2.0;2.0;2.0
381715;87381715;MAREIL SUR MAULDRE;LIGNE N;3.0;3.0;3.0;3.0
393223;87393223;SAINT-CYR;LIGNE N;3.0;2.0;2.0;2.0
386409;87386409;HOUILLES CARRIERES SUR SEINE;LIGNE J;2.0;2.0;2.0;2.0
382374;87382374;SURESNES MONT VALERIEN;LIGNE L;2.0;2.0;2.0;2.0
386573;87386573;POISSY;LIGNE J;2.0;2.0;2.0;2.0
545483;87545483;BREUILLET-BRUYERES-LE-CHATEL;LIGNE C;3.0;3.0;3.0;3.0
393108;87393108;MEUDON;LIGNE N;3.0;2.0;2.0;2.0
382002;87382002;BECON LES BRUYERES;LIGNE L;3.0;2.0;2.0;2.0
381137;87381137;ASNIERES SUR SEINE;LIGNE J;2.0;2.0;2.0;2.0
393033;87393033;INVALIDES;LIGNE C;3.0;2.0;2.0;2.0
382333;87382333;CHAVILLE RIVE DROITE;LIGNE U;2.0;2.0;2.0;2.0
276238;87276238;NOUES (LES);LIGNE D;3.0;3.0;3.0;3.0
492108;87492108;ARDOINES (LES);LIGNE C;3.0;2.0;2.0;2.0
384008;87384008;PARIS SAINT-LAZARE;LIGNE J;2.0;2.0;2.0;2.0
272021;87272021;VILLAINES;LIGNE H;3.0;3.0;3.0;3.0
681825;87681825;VILLENEUVE SAINT-GEORGES;LIGNE D;3.0;2.0;2.0;2.0
684241;87684241;FERRIERE FONTENAY;LIGNE R;0.0;0.0;0.0;0.0
545186;87545186;MAROLLES-EN-HUREPOIX;LIGNE C;3.0;2.0;2.0;2.0
271031;87271031;PARIS NORD souterrain;LIGNE H;2.0;2.0;2.0;2.0
386656;87386656;VERNOUILLET-VERNEUIL;LIGNE J;3.0;2.0;2.0;2.0
276345;87276345;DEUIL MONTMAGNY;LIGNE H;3.0;2.0;2.0;2.0
681387;87681387;EVRY COURCOURONNES (PREFECTURE);LIGNE D;2.0;2.0;2.0;2.0
682211;87682211;FONTAINEBLEAU AVON;LIGNE R;3.0;2.0;2.0;2.0
393322;87393322;PONT DU GARIGLIANO - HOPITAL EUROPEEN GEORGES POMPIDOU;LIGNE C;2.0;2.0;2.0;2.0
384008;87384008;PARIS SAINT-LAZARE;LIGNE L;2.0;2.0;2.0;2.0
546317;87546317;CHEMIN D'ANTONY;LIGNE C;3.0;3.0;3.0;3.0
271031;87271031;PARIS NORD;LIGNE K;2.0;2.0;2.0;2.0
393116;87393116;BELLEVUE;LIGNE N;3.0;2.0;2.0;2.0
681304;87681304;VIGNEUX SUR SEINE;LIGNE D;3.0;2.0;2.0;2.0
681601;87681601;ESSONNES ROBINSON;LIGNE D;3.0;3.0;3.0;3.0
681007;87681007;CORBEIL ESSONNES;LIGNE D;3.0;2.0;2.0;2.0
276642;87276642;BESSANCOURT;LIGNE H;3.0;2.0;2.0;2.0
382366;87382366;VAL D'OR (LE);LIGNE U;2.0;2.0;2.0;2.0
113886;87113886;ABBAYE (L');LIGNE T4;1.0;1.0;1.0;1.0
271304;87271304;COURNEUVE-AUBERVILLIERS (LA);LIGNE B;2.0;2.0;2.0;2.0
381657;87381657;ACHERES VILLE;LIGNE A;2.0;2.0;2.0;2.0
276410;87276410;PRÉCY-SUR-OISE;LIGNE H;0.0;2.0;2.0;2.0
382655;87382655;CERGY LE HAUT;LIGNE L;2.0;2.0;2.0;2.0
545491;87545491;BREUILLET-VILLAGE;LIGNE C;3.0;2.0;2.0;2.0
116582;87116582;CHÂTEAU THIERRY;LIGNE P;0.0;2.0;2.0;2.0
393041;87393041;PONT DE L'ALMA;LIGNE C;3.0;2.0;2.0;2.0
271577;87271577;NANTEUIL LE-HAUDOUIN;LIGNE K;0.0;0.0;0.0;0.0
381228;87381228;CHAUMONT EN VEXIN;LIGNE J;0.0;0.0;0.0;0.0
545285;87545285;CHOISY-LE-ROI;LIGNE C;3.0;2.0;2.0;2.0
276634;87276634;TAVERNY;LIGNE H;3.0;2.0;2.0;2.0
682278;87682278;MORET VENEUX LES SABLONS;LIGNE R;3.0;2.0;2.0;2.0
116277;87116277;FAREMOUTIERS POMMEUSE;LIGNE P;3.0;3.0;3.0;3.0
116137;87116137;LONGUEVILLE;LIGNE P;3.0;2.0;2.0;2.0
271551;87271551;PLESSIS BELLEVILLE (LE);LIGNE K;0.0;0.0;0.0;0.0
381459;87381459;CONFLANS FIN D'OISE;LIGNE L;2.0;2.0;2.0;2.0
386417;87386417;SARTROUVILLE;LIGNE L;2.0;2.0;2.0;2.0
546226;87546226;SAULES (LES);LIGNE C;3.0;2.0;2.0;2.0
681486;87681486;MAISSE;LIGNE D;3.0;3.0;3.0;3.0
393066;87393066;JAVEL;LIGNE C;3.0;2.0;2.0;2.0
276550;87276550;BELLOY SAINT-MARTIN;LIGNE H;3.0;3.0;3.0;3.0
116293;87116293;VAIRES TORCY;LIGNE P;3.0;2.0;2.0;2.0
681379;87681379;GRIGNY CENTRE;LIGNE D;2.0;2.0;2.0;2.0
393306;87393306;ISSY-VAL-DE-SEINE;LIGNE C;3.0;2.0;2.0;2.0
545228;87545228;EPINAY-SUR-ORGE;LIGNE C;3.0;2.0;2.0;2.0
393892;87393892;MONTFORT L'AMAURY MERE;LIGNE N;2.0;2.0;2.0;2.0
276436;87276436;DOMONT;LIGNE H;2.0;2.0;2.0;2.0
382655;87382655;CERGY LE HAUT;LIGNE A;2.0;2.0;2.0;2.0
381574;87381574;ISSOU PORCHEVILLE;LIGNE J;3.0;3.0;3.0;3.0
682468;87682468;VERNOU-SUR-SEINE;LIGNE R;3.0;3.0;3.0;3.0
545160;87545160;LARDY;LIGNE C;3.0;3.0;3.0;3.0
382887;87382887;VIROFLAY RIVE GAUCHE;LIGNE C;3.0;2.0;2.0;2.0
682120;87682120;BRUNOY;LIGNE D;3.0;2.0;2.0;2.0
276568;87276568;VIARMES;LIGNE H;3.0;3.0;3.0;3.0
116103;87116103;MEAUX;LIGNE P;3.0;2.0;2.0;2.0
113795;87113795;VILLIERS SUR MARNE LE PLESSIS TRÉVISE;LIGNE E;2.0;2.0;2.0;2.0
116079;87116079;VERNEUIL L'ÉTANG;LIGNE P;3.0;3.0;3.0;3.0
393215;87393215;VIROFLAY RIVE GAUCHE;LIGNE N;3.0;2.0;2.0;2.0
382341;87382341;SEVRES VILLE D'AVRAY;LIGNE L;3.0;2.0;2.0;2.0
271122;87271122;EPINAY VILLETANEUSE;LIGNE T11;1.0;1.0;1.0;1.0
381806;87381806;TRIEL SUR SEINE;LIGNE J;3.0;2.0;2.0;2.0
682450;87682450;CHAMPAGNE SUR SEINE;LIGNE R;3.0;3.0;3.0;3.0
382499;87382499;CERGY SAINT-CHRISTOPHE;LIGNE A;2.0;2.0;2.0;2.0
276170;87276170;SAINT-GRATIEN;LIGNE C;3.0;2.0;2.0;2.0
382218;87382218;DEFENSE (LA);LIGNE L;2.0;2.0;2.0;2.0
682153;87682153;LIEUSAINT-MOISSY;LIGNE D;3.0;2.0;2.0;2.0
113472;87113472;RAINCY VILLEMOMBLE MONTFERMEIL (LE);LIGNE E;3.0;2.0;2.0;2.0
276089;87276089;MONTIGNY BEAUCHAMP;LIGNE H;3.0;2.0;2.0;2.0
271015;87271015;SAINT-DENIS;LIGNE D;3.0;2.0;2.0;2.0
381566;87381566;GARGENVILLE;LIGNE J;3.0;2.0;2.0;2.0
276139;87276139;PONTOISE;LIGNE H;3.0;2.0;2.0;2.0
276055;87276055;ERMONT EAUBONNE;LIGNE C;3.0;2.0;2.0;2.0
386763;87386763;EPONE MEZIERES;LIGNE J;3.0;2.0;2.0;2.0
393512;87393512;JOUY-EN-JOSAS;LIGNE C;3.0;2.0;2.0;2.0
545152;87545152;CHAMARANDE;LIGNE C;3.0;3.0;3.0;3.0
381889;87381889;HERBLAY;LIGNE J;3.0;2.0;2.0;2.0
116509;87116509;CHANGIS SAINT-JEAN;LIGNE P;3.0;3.0;3.0;3.0
682500;87682500;VOSVES;LIGNE D;3.0;3.0;3.0;3.0
543090;87543090;ANGERVILLE;LIGNE C;3.0;2.0;2.0;2.0
545525;87545525;DOURDAN;LIGNE C;3.0;2.0;2.0;2.0
382887;87382887;VIROFLAY RIVE DROITE;LIGNE L;3.0;2.0;2.0;2.0
381822;87381822;THUN LE PARADIS;LIGNE J;3.0;3.0;3.0;3.0
116491;87116491;TRILPORT;LIGNE P;3.0;2.0;2.0;2.0
393157;87393157;VERSAILLES CHÂTEAU RIVE GAUCHE;LIGNE C;2.0;2.0;2.0;2.0
546291;87546291;RUNGIS-LA-FRATERNELLE;LIGNE C;3.0;3.0;3.0;3.0
271593;87271593;CRÉPY EN-VALLOIS;LIGNE K;0.0;2.0;2.0;2.0
682252;87682252;THOMERY;LIGNE R;3.0;3.0;3.0;3.0
381426;87381426;SAINT-OUEN-L'AUMÔNE-quartier eglise;LIGNE J;3.0;2.0;2.0;2.0
393256;87393256;VERRIERE (LA);LIGNE N;3.0;2.0;2.0;2.0
381731;87381731;NEZEL AULNAY;LIGNE N;3.0;3.0;3.0;3.0
415604;87415604;VERNON;LIGNE J;0.0;0.0;0.0;0.0
328328;87328328;BIBLIOTHEQUE FRANCOIS MITTERAND;LIGNE C;2.0;2.0;2.0;2.0
271205;87271205;GENNEVILLIERS;LIGNE C;3.0;2.0;2.0;2.0
545228;87545228;EPINAY-SUR-SEINE;LIGNE C;3.0;2.0;2.0;2.0
684001;87684001;MONTARGIS;LIGNE R;2.0;2.0;2.0;2.0
116566;87116566;NOGENT L'ARTAUD CHARLY;LIGNE P;0.0;0.0;0.0;0.0
654798;87654798;ROSA PARKS;LIGNE E;2.0;2.0;2.0;2.0
547315;87547315;SAINT MICHEL NOTRE DAME;LIGNE C;3.0;2.0;2.0;2.0
393009;87393009;VERSAILLES CHANTIERS;LIGNE C;3.0;2.0;2.0;2.0
381418;87381418;ERAGNY NEUVILLE;LIGNE J;3.0;2.0;2.0;2.0
271478;87271478;BLANC-MESNIL (LE);LIGNE B;2.0;2.0;2.0;2.0
393462;87393462;HOUDAN;LIGNE N;3.0;2.0;2.0;2.0
271437;87271437;VERT-GALANT;LIGNE B;2.0;2.0;2.0;2.0
681338;87681338;RIS ORANGIS;LIGNE D;3.0;2.0;2.0;2.0
113522;87113522;CHENAY GAGNY (LE);LIGNE E;2.0;2.0;2.0;2.0
383281;87383281;MASSY-VERRIERES;LIGNE C;3.0;3.0;3.0;3.0
381020;87381020;NEUILLY - PORTE MAILLOT;LIGNE C;3.0;2.0;2.0;2.0
682443;87682443;VULAINES SUR SEINE SAMOREAU;LIGNE R;3.0;3.0;3.0;3.0
381459;87381459;CONFLANS FIN D'OISE;LIGNE J;2.0;2.0;2.0;2.0
276196;87276196;GARGES SARCELLES;LIGNE D;3.0;2.0;2.0;2.0
684118;87684118;BOURRON MARLOTTE GREZ;LIGNE R;3.0;3.0;3.0;3.0
381558;87381558;JUZIERS;LIGNE J;3.0;2.0;2.0;2.0
543207;87543207;AVENUE DU PRESIDENT KENNEDY;LIGNE C;3.0;2.0;2.0;2.0
393009;87393009;VERSAILLES CHANTIERS;LIGNE N;3.0;2.0;2.0;2.0
431791;87431791;ROUGEMONT CHANTELOUP;LIGNE T4;1.0;1.0;1.0;1.0
113894;87113894;FREINVILLE SEVRAN;LIGNE T4;1.0;1.0;1.0;1.0
382812;87382812;MAREIL MARLY;LIGNE L;1.0;1.0;1.0;1.0
681395;87681395;BRAS DE FER (LE) (EVRY GENOPOLE);LIGNE D;3.0;2.0;2.0;2.0
545350;87545350;SAINT MARTIN D'ETAMPES;LIGNE C;3.0;3.0;3.0;3.0
393223;87393223;SAINT-CYR;LIGNE C;3.0;2.0;2.0;2.0
1479;87001479;AEROPORT CHARLES DE GAULLE 2;LIGNE B;2.0;2.0;2.0;2.0
393470;87393470;MARCHEZAIS BROUÉ;LIGNE N;0.0;0.0;0.0;0.0
682427;87682427;FONTAINE LE PORT;LIGNE R;3.0;3.0;3.0;3.0
381129;87381129;CLICHY LEVALLOIS;LIGNE L;2.0;2.0;2.0;2.0
386300;87386300;VALLEES (LES);LIGNE L;3.0;2.0;2.0;2.0
271395;87271395;BOURGET (LE);LIGNE B;2.0;2.0;2.0;2.0
381848;87381848;ARGENTEUIL;LIGNE J;3.0;2.0;2.0;2.0
393645;87393645;GRAVIGNY-BALIZY;LIGNE C;3.0;3.0;3.0;3.0
113217;87113217;NOISY LE SEC;LIGNE E;2.0;2.0;2.0;2.0
116095;87116095;NANGIS;LIGNE P;3.0;2.0;2.0;2.0
684233;87684233;DORDIVE;LIGNE R;0.0;0.0;0.0;0.0
684217;87684217;SOUPPES CHÂTEAU LANDON;LIGNE R;3.0;3.0;3.0;3.0
381483;87381483;MAURECOURT;LIGNE J;3.0;3.0;3.0;3.0
272047;87272047;COMPANS;LIGNE K;3.0;3.0;3.0;3.0
682187;87682187;SAVIGNY LE TEMPLE NANDY;LIGNE D;3.0;2.0;2.0;2.0
393629;87393629;PLAISIR LES CLAYES;LIGNE N;3.0;2.0;2.0;2.0
386680;87386680;MUREAUX (LES);LIGNE J;3.0;2.0;2.0;2.0
684407;87684407;BOIGNEVILLE;LIGNE D;3.0;3.0;3.0;3.0
276279;87276279;ORRY-LA-VILLE COYE-LA-FORÊT;LIGNE D;0.0;2.0;2.0;2.0
113712;87113712;VAL DE FONTENAY;LIGNE E;3.0;2.0;2.0;2.0
386417;87386417;SARTROUVILLE;LIGNE A;2.0;2.0;2.0;2.0
276105;87276105;SAINT-OUEN-L'AUMONE;LIGNE C;2.0;2.0;2.0;2.0
381111;87381111;PONT CARDINET;LIGNE L;3.0;2.0;2.0;2.0
271585;87271585;ORNOY VILLERS;LIGNE K;0.0;0.0;0.0;0.0
381236;87381236;TRIE-CHÂTEAU;LIGNE J;0.0;0.0;0.0;0.0
116640;87116640;CROUY SUR OURCQ;LIGNE P;3.0;3.0;3.0;3.0
382432;87382432;CELLE SAINT-CLOUD (LA);LIGNE L;3.0;2.0;2.0;2.0
164798;87164798;PLAINE STADE DE FRANCE (LA);LIGNE B;2.0;2.0;2.0;2.0
381459;87381459;CONFLANS FIN D'OISE;LIGNE A;2.0;2.0;2.0;2.0
393454;87393454;TACOIGNIERES RICHEBOURG;LIGNE N;3.0;3.0;3.0;3.0
382374;87382374;SURESNES MONT VALERIEN;LIGNE U;2.0;2.0;2.0;2.0
113860;87113860;GARGAN;LIGNE T4;1.0;1.0;1.0;1.0
681635;87681635;COUDRAY MONTCEAUX (LE);LIGNE D;3.0;3.0;3.0;3.0
682138;87682138;BOUSSY SAINT-ANTOINE;LIGNE D;3.0;2.0;2.0;2.0
393058;87393058;CHAMP DE MARS - TOUR EIFFEL BIR HAKEIM;LIGNE C;3.0;2.0;2.0;2.0
381012;87381012;PEREIRE-LEVALLOIS;LIGNE C;3.0;2.0;2.0;2.0
334482;87334482;NEUVILLE UNIVERSITE;LIGNE L;2.0;2.0;2.0;2.0
116160;87116160;PROVINS;LIGNE P;3.0;2.0;2.0;2.0
415893;87415893;BONNIERES;LIGNE J;3.0;2.0;2.0;2.0
393439;87393439;GARANCIERES LA QUEUE;LIGNE N;3.0;3.0;3.0;3.0
276188;87276188;SANNOIS;LIGNE J;2.0;2.0;2.0;2.0
682302;87682302;MONTEREAU;LIGNE R;3.0;2.0;2.0;2.0
116210;87116210;TOURNAN;LIGNE E;2.0;2.0;2.0;2.0
682112;87682112;YERRES;LIGNE D;2.0;2.0;2.0;2.0
697326;87697326;PIERREFITE STAINS;LIGNE T11;1.0;1.0;1.0;1.0
382804;87382804;SAINT-GERMAIN EN LAYE GRANDE CEINTURE;LIGNE L;1.0;1.0;1.0;1.0
271171;87271171;BARRE ORMESSON (LA);LIGNE H;3.0;2.0;2.0;2.0
381152;87381152;BOISSY L'AILLERIE;LIGNE J;3.0;3.0;3.0;3.0
276139;87276139;PONTOISE;LIGNE J;3.0;2.0;2.0;2.0
391532;87391532;VANVES MALAKOFF;LIGNE N;3.0;2.0;2.0;2.0
386409;87386409;HOUILLES CARRIERES SUR SEINE;LIGNE L;2.0;2.0;2.0;2.0
393421;87393421;PLAISIR GRIGNON;LIGNE N;3.0;2.0;2.0;2.0
271528;87271528;MITRY-CLAYE;LIGNE K;2.0;2.0;2.0;2.0
381657;87381657;ACHERES VILLE;LIGNE L;2.0;2.0;2.0;2.0
381491;87381491;ANDRESY;LIGNE J;3.0;2.0;2.0;2.0
276360;87276360;GROSLAY;LIGNE H;2.0;2.0;2.0;2.0
111278;87111278;PORTE DE CLICHY;LIGNE C;3.0;2.0;2.0;2.0
393538;87393538;VAUBOYEN;LIGNE C;3.0;3.0;3.0;3.0
393074;87393074;ISSY;LIGNE C;3.0;2.0;2.0;2.0
682161;87682161;CESSON;LIGNE D;3.0;2.0;2.0;2.0
682435;87682435;HERICY;LIGNE R;3.0;3.0;3.0;3.0
276006;87276006;CREIL;LIGNE D;0.0;2.0;2.0;2.0
888717;87888717;LYCEE HENRI SELLIER;LIGNE T4;1.0;1.0;1.0;1.0
271429;87271429;SEVRAN-LIVRY;LIGNE B;2.0;2.0;2.0;2.0
381863;87381863;CORMEILLES EN PARISIS;LIGNE J;3.0;2.0;2.0;2.0
276519;87276519;CHAMPAGNE SUR OISE;LIGNE H;3.0;3.0;3.0;3.0
386763;87386763;ÉPÔNE-MÉZIERES;LIGNE N;3.0;2.0;2.0;2.0
276444;87276444;BORAN-SUR-OISE;LIGNE H;0.0;0.0;0.0;0.0
681312;87681312;VIRY CHATILLON;LIGNE D;3.0;2.0;2.0;2.0
545509;87545509;SAINT-CHERON;LIGNE C;3.0;2.0;2.0;2.0
276139;87276139;PONTOISE;LIGNE C;3.0;2.0;2.0;2.0
113001;87113001;PARIS EST;LIGNE P;2.0;2.0;2.0;2.0
381582;87381582;LIMAY;LIGNE J;3.0;3.0;3.0;3.0
393843;87393843;SAINT-QUENTIN EN YVELINES (MONTIGNY LE BRETONNEUX);LIGNE U;3.0;2.0;2.0;2.0
545210;87545210;SAINTE-GENEVIEVE-DES-BOIS;LIGNE C;3.0;2.0;2.0;2.0
382333;87382333;CHAVILLE RIVE DROITE;LIGNE L;2.0;2.0;2.0;2.0
393637;87393637;CHILLY-MAZARIN;LIGNE C;3.0;2.0;2.0;2.0
682476;87682476;GRANDE PAROISSE (LA);LIGNE R;3.0;3.0;3.0;3.0
381590;87381590;MANTES STATION;LIGNE J;3.0;2.0;2.0;2.0
393405;87393405;FONTENAY LE FLEURY;LIGNE N;3.0;2.0;2.0;2.0
271411;87271411;AULNAY SOUS BOIS;LIGNE T4;1.0;1.0;1.0;1.0
113845;87113845;COQUETIERS ( LES);LIGNE T4;1.0;1.0;1.0;1.0
393298;87393298;PERRAY (LE);LIGNE N;3.0;2.0;2.0;2.0
271486;87271486;PARC DES EXPOSITIONS;LIGNE B;2.0;2.0;2.0;2.0
386425;87386425;MAISONS LAFFITTE;LIGNE A;2.0;2.0;2.0;2.0
271452;87271452;VILLEPINTE;LIGNE B;2.0;2.0;2.0;2.0
393835;87393835;TRAPPES;LIGNE N;3.0;2.0;2.0;2.0
276493;87276493;MONTSOULT MAFFLIERS;LIGNE H;2.0;2.0;2.0;2.0
381509;87381509;MANTES LA JOLIE;LIGNE J;2.0;2.0;2.0;2.0
381194;87381194;CHARS;LIGNE J;3.0;3.0;3.0;3.0
271148;87271148;EPINAY SUR SEINE;LIGNE T11;1.0;1.0;1.0;1.0
382440;87382440;BOUGIVAL;LIGNE L;3.0;2.0;2.0;2.0
381798;87381798;VAL D'ARGENTEUIL;LIGNE J;2.0;2.0;2.0;2.0
382481;87382481;SAINT-NOM LA BRETECHE FORET DE MARLY;LIGNE L;2.0;2.0;2.0;2.0
276675;87276675;MÉRIEL;LIGNE H;3.0;3.0;3.0;3.0
381178;87381178;US;LIGNE J;3.0;3.0;3.0;3.0
116731;87116731;COUILLY SAINT-GERMAIN QUINCY;LIGNE P;3.0;3.0;3.0;3.0
381905;87381905;CERGY PREFECTURE;LIGNE A;2.0;2.0;2.0;2.0
116400;87116400;MONTRY CONDE;LIGNE P;3.0;3.0;3.0;3.0
276451;87276451;BRUYERES SUR OISE;LIGNE H;3.0;3.0;3.0;3.0
116319;87116319;LAGNY THORIGNY;LIGNE P;2.0;2.0;2.0;2.0
276667;87276667;MÉRY SUR OISE;LIGNE H;3.0;2.0;2.0;2.0
682203;87682203;BOIS LE ROI;LIGNE R;3.0;2.0;2.0;2.0
393611;87393611;LONGJUMEAU;LIGNE C;3.0;2.0;2.0;2.0
545467;87545467;ARPAJON;LIGNE C;3.0;2.0;2.0;2.0
381509;87381509;MANTES-LA-JOLIE;LIGNE N;3.0;2.0;2.0;2.0
382358;87382358;SAINT-CLOUD;LIGNE L;2.0;2.0;2.0;2.0
276535;87276535;VALMONDOIS;LIGNE H;3.0;2.0;2.0;2.0
393884;87393884;VILLIERS NEAUPHLE PONTCHARTRAIN;LIGNE N;3.0;3.0;3.0;3.0
116020;87116020;OZOIR LA FERRIERE;LIGNE E;2.0;2.0;2.0;2.0
113407;87113407;BONDY;LIGNE E;2.0;2.0;2.0;2.0
281899;87281899;HAUSSMANN SAINT-LAZARE;LIGNE E;2.0;2.0;2.0;2.0
276501;87276501;PRESLES COURCELLES;LIGNE H;3.0;3.0;3.0;3.0
276394;87276394;ÉCOUEN ÉZANVILLE;LIGNE H;3.0;2.0;2.0;2.0
116038;87116038;ROISSY EN BRIE;LIGNE E;2.0;2.0;2.0;2.0
271247;87271247;SAINT-OUEN;LIGNE C;2.0;2.0;2.0;2.0
271023;87271023;PARIS GARE DU NORD;LIGNE B;2.0;2.0;2.0;2.0
276469;87276469;PERSAN BEAUMONT;LIGNE H;3.0;2.0;2.0;2.0
116111;87116111;CHELLES GOURNAY;LIGNE E;2.0;2.0;2.0;2.0
281873;87281873;MAGENTA;LIGNE E;2.0;2.0;2.0;2.0
382382;87382382;PUTEAUX;LIGNE U;3.0;2.0;2.0;2.0
276071;87276071;FRANCONVILLE LE PLESSIS BOUCHARD;LIGNE H;3.0;2.0;2.0;2.0
382457;87382457;LOUVECIENNES;LIGNE L;3.0;2.0;2.0;2.0
116210;87116210;TOURNAN;LIGNE P;2.0;2.0;2.0;2.0
276063;87276063;CERNAY;LIGNE C;3.0;2.0;2.0;2.0
276022;87276022;ENGHIEN LES BAINS;LIGNE H;2.0;2.0;2.0;2.0
276097;87276097;PIERRELAYE;LIGNE H;3.0;2.0;2.0;2.0
382259;87382259;GARCHES MARNES LA COQUETTE;LIGNE L;2.0;2.0;2.0;2.0
113407;87113407;BONDY;LIGNE T4;1.0;1.0;1.0;1.0
271122;87271122;ÉPINAY VILLETANEUSE;LIGNE H;3.0;2.0;2.0;2.0
113696;87113696;ROSNY BOIS PERRIER;LIGNE E;3.0;2.0;2.0;2.0
684100;87684100;MONTIGNY SUR LOING;LIGNE R;3.0;3.0;3.0;3.0
393009;87393009;VERSAILLES CHANTIERS;LIGNE U;3.0;2.0;2.0;2.0
393314;87393314;RAMBOUILLET;LIGNE N;2.0;2.0;2.0;2.0
393363;87393363;BEYNES;LIGNE N;3.0;3.0;3.0;3.0
272054;87272054;THIEUX-NANTOUILLET;LIGNE K;3.0;3.0;3.0;3.0
682005;87682005;MELUN;LIGNE D;3.0;2.0;2.0;2.0
393843;87393843;SAINT-QUENTIN EN YVELINES (MONTIGNY LE BRETONNEUX);LIGNE N;3.0;2.0;2.0;2.0
545277;87545277;VILLENEUVE LE ROI;LIGNE C;3.0;2.0;2.0;2.0
116558;87116558;NANTEUIL SAACY;LIGNE P;3.0;2.0;2.0;2.0
382499;87382499;CERGY SAINT-CHRISTOPHE;LIGNE L;2.0;2.0;2.0;2.0
276097;87276097;PIERRELAYE;LIGNE C;3.0;2.0;2.0;2.0
276071;87276071;FRANCONVILLE-LE-PLESSIS-BOUCHARD;LIGNE C;3.0;2.0;2.0;2.0
381475;87381475;CHANTELOUP LES VIGNES;LIGNE J;3.0;2.0;2.0;2.0
393173;87393173;CHAVILLE-VELIZY;LIGNE C;3.0;2.0;2.0;2.0
682294;87682294;SAINT-MAMMES;LIGNE R;3.0;3.0;3.0;3.0
271536;87271536;DAMMARTIN-JUILLY-SAINT-MARD;LIGNE K;3.0;2.0;2.0;2.0
381814;87381814;VAUX SUR SEINE;LIGNE J;3.0;2.0;2.0;2.0
276758;87276758;NOINTEL MOURS;LIGNE H;3.0;3.0;3.0;3.0
271015;87271015;SAINT-DENIS;LIGNE H;3.0;2.0;2.0;2.0
276386;87276386;SARCELLES SAINT-BRICE;LIGNE H;2.0;2.0;2.0;2.0
276105;87276105;SAINT-OUEN L'AUMÔNE;LIGNE H;3.0;2.0;2.0;2.0
386318;87386318;NANTERRE UNIVERSITE;LIGNE L;3.0;2.0;2.0;2.0
116665;87116665;MAREUIL SUR-OURCQ;LIGNE P;0.0;0.0;0.0;0.0
276246;87276246;GOUSSAINVILLE;LIGNE D;3.0;2.0;2.0;2.0
276063;87276063;CERNAY;LIGNE H;3.0;2.0;2.0;2.0
381079;87381079;BOIS COLOMBES;LIGNE J;2.0;2.0;2.0;2.0
393876;87393876;NOISY LE ROI;LIGNE L;1.0;1.0;1.0;1.0
382879;87382879;MONTREUIL;LIGNE L;2.0;2.0;2.0;2.0
545459;87545459;NORVILLE-SAINT-GERMAIN-LES-ARPAJON (LA);LIGNE C;3.0;2.0;2.0;2.0
393504;87393504;PETIT JOUY - LES LOGES;LIGNE C;3.0;3.0;3.0;3.0
393256;87393256;VERRIERE (LA);LIGNE U;3.0;2.0;2.0;2.0
386573;87386573;POISSY;LIGNE A;2.0;2.0;2.0;2.0
337980;87337980;SAINT-OUEN-L'AUMONE LIESSE;LIGNE C;3.0;2.0;2.0;2.0
386052;87386052;ACHERES GRAND CORMIER;LIGNE A;3.0;3.0;3.0;3.0
381095;87381095;STADE (LE);LIGNE J;3.0;2.0;2.0;2.0
545111;87545111;MONNERVILLE;LIGNE C;3.0;3.0;3.0;3.0
545129;87545129;GUILLERVAL;LIGNE C;3.0;3.0;3.0;3.0
271510;87271510;VILLEPARISIS-MITRY-LE-NEUF;LIGNE B;2.0;2.0;2.0;2.0
381046;87381046;AVENUE HENRY-MARTIN;LIGNE C;3.0;2.0;2.0;2.0
113779;87113779;BOULLEREAUX CHAMPIGNY (LES);LIGNE E;2.0;2.0;2.0;2.0
393272;87393272;COIGNIERES;LIGNE N;3.0;3.0;3.0;3.0
545137;87545137;ETAMPES;LIGNE C;3.0;2.0;2.0;2.0
382366;87382366;VAL D'OR (LE);LIGNE L;2.0;2.0;2.0;2.0
337980;87337980;SAINT-OUEN L'AUMÔNE LIESSE;LIGNE H;2.0;2.0;2.0;2.0
276055;87276055;ERMONT EAUBONNE;LIGNE H;3.0;2.0;2.0;2.0
382267;87382267;VAUCRESSON;LIGNE L;2.0;2.0;2.0;2.0
393223;87393223;SAINT-CYR;LIGNE U;3.0;2.0;2.0;2.0
382473;87382473;ETANG LA VILLE (L');LIGNE L;3.0;2.0;2.0;2.0
697342;87697342;DUGNY LA COURNEUVE;LIGNE T11;1.0;1.0;1.0;1.0
116616;87116616;ISLES ARMENTIERES CONGIS;LIGNE P;3.0;3.0;3.0;3.0
546192;87546192;PONT DE RUNGIS - AEROPORT D'ORLY;LIGNE C;3.0;2.0;2.0;2.0
540179;87540179;DOURDAN-LA-FORÊT;LIGNE C;3.0;3.0;3.0;3.0
116673;87116673;FERTÉ MILON (LA);LIGNE P;0.0;2.0;2.0;2.0
271460;87271460;AEROPORT CHARLES DE GAULLE 1;LIGNE B;2.0;2.0;2.0;2.0
113514;87113514;GAGNY;LIGNE E;2.0;2.0;2.0;2.0
113803;87113803;YVRIS NOISY LE GRAND (LES);LIGNE E;3.0;2.0;2.0;2.0
684126;87684126;NEMOURS SAINT-PIERRE;LIGNE R;3.0;2.0;2.0;2.0
682104;87682104;MONTGERON CROSNE;LIGNE D;3.0;2.0;2.0;2.0
682401;87682401;LIVRY SUR SEINE;LIGNE R;3.0;3.0;3.0;3.0
276485;87276485;BOUFFÉMONT MOISSELLES;LIGNE H;2.0;2.0;2.0;2.0
681247;87681247;VERT DE MAISONS (LE);LIGNE D;3.0;2.0;2.0;2.0
682542;87682542;SAINT-FARGEAU;LIGNE D;3.0;3.0;3.0;3.0
272146;87272146;GRESILLONS (LES);LIGNE C;3.0;3.0;3.0;3.0
543181;87543181;BOULAINVILLIERS;LIGNE C;3.0;2.0;2.0;2.0
393652;87393652;PETIT VAUX;LIGNE C;3.0;3.0;3.0;3.0
276253;87276253;LOUVRES;LIGNE D;3.0;2.0;2.0;2.0
272039;87272039;SEUGY;LIGNE H;3.0;3.0;3.0;3.0
393488;87393488;DREUX;LIGNE N;0.0;2.0;2.0;2.0
386664;87386664;CLAIRIERES DE VERNEUIL (LES);LIGNE J;3.0;2.0;2.0;2.0
545517;87545517;SERMAISE;LIGNE C;3.0;3.0;3.0;3.0
116772;87116772;CRÉCY LA CHAPELLE;LIGNE P;3.0;3.0;3.0;3.0
681403;87681403;MOULIN GALANT;LIGNE D;3.0;3.0;3.0;3.0
393546;87393546;BIEVRES;LIGNE C;3.0;2.0;2.0;2.0
547026;87547026;PARIS AUSTERLITZ (BANLIEUE);LIGNE C;3.0;2.0;2.0;2.0
271528;87271528;MITRY-CLAYE;LIGNE B;2.0;2.0;2.0;2.0
681809;87681809;VILLENEUVE TRIAGE;LIGNE D;3.0;2.0;2.0;2.0
271411;87271411;AULNAY-SOUS-BOIS;LIGNE B;2.0;2.0;2.0;2.0
681478;87681478;BOUTIGNY;LIGNE D;3.0;3.0;3.0;3.0
381160;87381160;MONTGEROULT COURCELLES;LIGNE J;3.0;3.0;3.0;3.0
382382;87382382;PUTEAUX;LIGNE L;3.0;2.0;2.0;2.0
276592;87276592;GROS NOYER SAINT-PRIX;LIGNE H;3.0;2.0;2.0;2.0
113878;87113878;ALLEE DE LA TOUR RENDEZ VOUS;LIGNE T4;1.0;1.0;1.0;1.0
