;;;;;;globale;;P1 info;;Info;;P2;;P3;;P4;;Bien;;Ambiance;;P5;;
Agence;Typologie de la gare;Niveau de service;Code UIC;Gare;Niveau de travaux;Glob_Mars;Glob_Sept;P1_Mars;P1_Sept;P0_Mars;P0_Sept;P2_Mars;P2_Sept;P3_Mars;P3_Sept;P4_Mars;P4_Sept;P6_Mars;P6_Sept;P7_Mars;P7_Sept;P5_Mars;P5_Sept;Ent_Sort
DGGP;24;3;271494;AEROPORT CDG2 TGV ROISSY;4;7.34;7.30;8.01;7.77;8.04;7.80;8.30;7.88;8.09;8.19;7.02;7.39;7.27;7.72;6.77;7.06;6.96;7.68;Entrants
DGGP;24;3;111849;MARNE LA VALLEE CHESSY;2;7.32;7.35;7.67;8.02;7.64;8.12;7.95;8.15;8.28;8.17;7.19;7.40;7.26;7.58;7.13;7.22;6.71;7.47;Entrants
DGGP;24;2;393702;MASSY TGV;2;7.27;7.41;8.49;8.49;8.43;8.54;8.63;8.42;8.25;7.99;7.11;7.55;7.26;7.66;6.97;7.43;7.64;7.61;Entrants
DGGP;24;3;547000;PARIS AUSTERLITZ (SURFACE pour entrants);0;7.10;7.33;8.18;7.93;8.23;8.07;8.31;7.83;8.36;7.75;7.56;7.31;7.64;7.48;7.49;7.15;7.71;7.63;Entrants
DGGP;24;3;686667;PARIS BERCY;0;7.05;7.26;8.40;8.67;8.14;8.46;8.33;8.54;7.89;8.49;7.26;7.71;7.43;7.88;7.10;7.53;6.50;7.37;Entrants
DGGP;24;3;113001;PARIS GARE DE L'EST;2;7.54;7.50;8.33;8.04;8.16;8.00;8.43;8.09;7.94;7.83;7.43;7.43;7.52;7.54;7.34;7.32;7.62;7.91;Entrants
DGGP;24;3;686006;PARIS GARE DE LYON (SURFACE pour entrants);4;7.26;7.48;7.77;8.03;7.75;8.14;7.87;7.93;7.78;8.02;7.50;7.57;7.58;7.62;7.42;7.53;7.63;7.65;Entrants
DGGP;24;3;271007;PARIS GARE DU NORD (SURFACE pour entrants);2;6.86;7.22;7.62;7.87;7.57;7.81;7.79;7.86;7.00;7.36;6.28;6.83;6.58;7.02;5.98;6.63;7.19;7.39;Entrants
DGGP;24;3;391003;PARIS MONTPARNASSE;4;6.89;7.09;7.82;7.97;7.92;8.21;7.96;8.01;7.72;7.90;6.74;7.20;6.85;7.34;6.63;7.05;7.45;7.49;Entrants
DGGP;24;3;384008;PARIS ST LAZARE;4;7.48;7.49;7.72;8.16;7.67;7.96;7.70;8.06;7.71;7.91;7.51;7.58;7.63;7.73;7.38;7.43;7.65;7.91;Entrants
CERA;Gare B;2;741132;AIX LES BAINS LE REVARD;0;7.82;7.31;9.12;8.47;9.03;8.01;9.06;8.34;8.84;8.18;8.22;7.56;8.73;7.77;7.72;7.35;8.02;7.40;Entrants
CERA;Gare B;2;743716;AMBERIEU;0;NA;7.45;NA;8.74;NA;8.60;NA;8.37;NA;8.16;NA;7.74;NA;8.25;NA;7.22;NA;6.90;Entrants
CERA;123;2;746008;ANNECY;0;7.67;7.91;8.54;8.83;8.49;8.68;8.30;8.79;8.00;8.19;7.67;7.98;7.75;8.10;7.58;7.86;7.89;8.12;Entrants
CERA;Gare B;2;713545;BEAUNE;0;NA;7.69;NA;8.67;NA;8.33;NA;8.64;NA;8.54;NA;8.13;NA;8.37;NA;7.90;NA;6.54;Entrants
CERA;123;2;300822;BELFORT MONTBELIARD TGV;0;8.43;8.49;8.48;9.26;8.49;9.08;8.39;9.34;8.83;9.31;8.68;8.87;8.66;9.18;8.70;8.56;8.14;8.19;Entrants
CERA;123;2;745000;BELLEGARDE;2;7.79;7.69;8.48;8.60;8.24;8.52;8.40;8.40;8.45;8.59;7.36;8.13;7.64;8.48;7.08;7.78;7.10;7.78;Entrants
CERA;123;2;300863;BESANCON FRANCHE COMTE TGV;0;8.07;8.04;9.00;8.76;9.03;9.00;8.88;8.62;9.12;9.20;8.29;8.17;8.71;8.51;7.86;7.83;7.86;7.99;Entrants
CERA;Gare B;2;184002;BELFORT VILLE;4;NA;6.93;NA;8.33;NA;7.84;NA;8.54;NA;7.36;NA;6.62;NA;6.98;NA;6.26;NA;7.47;Entrants
CERA;123;2;718007;BESANCON VIOTTE;0;7.63;7.75;8.43;8.48;8.21;8.30;8.45;8.54;7.84;7.89;7.76;7.88;7.97;8.18;7.55;7.58;7.63;7.28;Entrants
CERA;123;2;743005;BOURG EN BRESSE;2;7.64;7.78;8.45;8.57;8.17;8.27;8.56;8.78;7.78;8.06;7.62;7.73;7.93;7.94;7.30;7.51;7.81;8.11;Entrants
CERA;123;2;741793;BOURG ST MAURICE;NA;7.89;NA;8.35;NA;8.22;NA;8.48;NA;7.94;NA;8.27;NA;8.29;NA;8.25;NA;7.93;NA;Entrants
CERA;Gare B;2;723429;BOURGOIN JALLIEU;4;NA;7.32;NA;8.35;NA;8.06;NA;8.13;NA;7.78;NA;7.29;NA;7.53;NA;7.06;NA;6.89;Entrants
CERA;Gare B;2;725002;CHALON SUR SAÔNE;0;NA;7.52;NA;8.62;NA;8.36;NA;8.02;NA;7.98;NA;7.88;NA;8.10;NA;7.67;NA;8.06;Entrants
CERA;123;2;741009;CHAMBERY CHALLES LES EAUX;0;6.83;6.94;8.40;8.53;8.23;8.46;8.11;8.32;7.50;7.65;6.89;7.43;7.24;7.71;6.55;7.15;7.30;7.68;Entrants
CERA;123;2;734004;CLERMONT FERRAND;4;7.80;7.99;8.90;8.77;8.70;8.64;8.85;8.71;8.53;8.72;8.39;8.52;8.59;8.59;8.18;8.46;8.37;8.72;Entrants
CERA;36;3;713040;DIJON VILLE;0;7.42;7.82;8.33;8.63;8.02;8.34;8.49;8.80;8.23;8.64;7.74;8.22;8.08;8.46;7.40;7.98;7.88;8.18;Entrants
CERA;36;3;747006;GRENOBLE;0;7.38;7.59;8.29;8.37;8.11;8.34;8.26;8.37;7.94;7.97;7.55;7.51;7.74;7.61;7.36;7.40;7.73;7.83;Entrants
CERA;123;2;694109;LE CREUSOT MONTCEAU MONTCHANIN;0;7.84;8.13;8.89;8.90;8.67;8.74;8.64;8.82;8.94;9.03;7.98;8.50;8.19;8.70;7.77;8.30;7.55;8.15;Entrants
CERA;24;3;723197;LYON PART DIEU;4;6.87;6.83;7.88;7.98;7.93;8.11;7.69;7.64;7.42;7.57;6.29;6.64;6.53;6.90;6.05;6.38;7.13;7.58;Entrants
CERA;24;3;722025;LYON PERRACHE;4;7.44;7.05;8.23;8.23;8.31;8.38;8.22;8.14;8.05;8.20;7.86;7.61;8.08;7.81;7.63;7.40;8.17;8.18;Entrants
CERA;36;2;762906;LYON SAINT EXUPERY TGV;0;7.65;7.74;7.78;8.61;7.57;8.45;8.10;8.97;8.19;8.61;7.49;7.99;7.44;8.16;7.54;7.82;7.09;6.94;Entrants
CERA;Gare B;2;721159;LYON SAINT PAUL;0;NA;8.06;NA;8.93;NA;8.46;NA;9.02;NA;8.71;NA;7.80;NA;7.74;NA;7.86;NA;4.36;Entrants
CERA;123;2;725705;MACON LOCHE TGV;0;7.99;7.36;9.68;8.97;9.68;8.91;9.29;8.37;9.60;8.88;8.67;7.42;8.84;7.58;8.51;7.26;7.25;6.87;Entrants
CERA;Gare B;2;725689;MACON VILLE;0;NA;7.14;NA;9.11;NA;8.74;NA;8.66;NA;8.78;NA;8.22;NA;8.57;NA;7.87;NA;8.48;Entrants
CERA;123;2;764001;MONTELIMAR GARE SNCF;0;7.55;7.41;8.90;8.35;8.50;8.34;8.69;8.10;8.39;7.64;7.91;7.35;8.35;7.62;7.48;7.07;7.33;7.43;Entrants
CERA;Gare B;2;696328;MOULINS SUR ALLIER;4;NA;7.48;NA;8.31;NA;7.89;NA;8.35;NA;7.85;NA;7.53;NA;7.74;NA;7.33;NA;7.60;Entrants
CERA;123;2;741728;MOUTIERS SALINS;NA;8.14;NA;8.74;NA;8.98;NA;8.43;NA;8.54;NA;7.55;NA;7.78;NA;7.33;NA;8.06;NA;Entrants
CERA;123;2;696005;NEVERS;2;7.15;7.64;8.27;8.38;7.92;8.05;8.09;8.26;7.94;7.88;7.28;7.57;7.74;7.70;6.82;7.44;6.06;6.63;Entrants
CERA;Gare B;2;734053;RIOM CHATEL GUYON;0;NA;7.70;NA;8.88;NA;8.62;NA;8.78;NA;8.27;NA;7.86;NA;8.19;NA;7.52;NA;6.94;Entrants
CERA;Gare B;2;726802;ROANNE;0;NA;7.87;NA;9.06;NA;8.92;NA;8.76;NA;8.39;NA;7.91;NA;8.13;NA;7.69;NA;7.07;Entrants
CERA;Gare B;2;683003;SENS;0;NA;7.62;NA;8.66;NA;8.53;NA;8.46;NA;8.25;NA;7.93;NA;8.21;NA;7.66;NA;7.22;Entrants
CERA;123;2;726000;ST ETIENNE CHATEAUCREUX;2;7.45;7.61;8.73;8.96;8.42;8.68;8.65;8.86;7.99;8.23;7.56;7.83;7.91;8.16;7.20;7.49;7.58;8.20;Entrants
CERA;36;2;763029;VALENCE TGV RHONE ALPES SUD;2;7.60;7.93;8.02;8.62;7.99;8.52;8.12;8.77;8.82;8.81;7.44;8.27;7.53;8.46;7.36;8.08;7.33;7.74;Entrants
CERA;Gare B;2;761007;VALENCE VILLE;4;NA;7.04;NA;8.33;NA;7.96;NA;8.31;NA;7.78;NA;7.23;NA;7.41;NA;7.05;NA;7.23;Entrants
CERA;123;2;732008;VICHY;4;7.87;8.07;8.67;8.58;8.48;8.48;8.60;8.51;8.15;8.21;8.21;7.89;8.25;8.04;8.18;7.74;8.09;7.99;Entrants
CERA;Gare B;2;722587;VIENNE;0;NA;7.45;NA;8.38;NA;8.10;NA;8.41;NA;8.22;NA;7.70;NA;7.86;NA;7.55;NA;7.21;Entrants
CERA;Gare B;2;721332;VILLEFRANCHE SUR SAONE;0;NA;7.23;NA;8.03;NA;7.60;NA;8.05;NA;7.39;NA;6.97;NA;7.30;NA;6.64;NA;6.70;Entrants
CERA;Gare B;2;747287;VOIRON;2;NA;7.61;NA;8.92;NA;8.54;NA;8.74;NA;8.25;NA;7.77;NA;8.16;NA;7.37;NA;7.10;Entrants
Centre Ouest;36;3;484006;ANGERS ST LAUD;0;8.10;7.73;8.74;8.78;8.69;8.69;8.65;8.64;8.41;8.29;8.17;8.10;8.06;8.19;8.27;8.01;8.31;8.12;Entrants
Centre Ouest;123;2;476200;AURAY;0;7.24;7.31;8.65;8.71;8.16;8.30;8.04;8.32;8.32;8.44;7.14;7.45;7.25;7.43;7.04;7.46;7.58;7.55;Entrants
Centre Ouest;123;2;574004;BLOISNACHAMBORD;0;7.22;7.77;8.35;8.55;8.00;8.26;8.37;8.56;7.53;7.79;7.18;7.49;7.39;7.62;6.97;7.36;7.25;7.76;Entrants
Centre Ouest;123;2;576207;BOURGES;0;6.88;6.95;7.75;7.93;7.64;7.92;7.65;7.84;7.18;7.07;6.95;6.75;7.11;6.90;6.80;6.61;7.68;7.33;Entrants
Centre Ouest;123;2;474007;BREST;0;7.85;8.18;8.97;8.94;8.81;8.85;8.74;8.80;8.48;8.65;7.95;8.36;8.15;8.37;7.75;8.36;7.89;8.17;Entrants
Centre Ouest;123;2;597005;CHATEAUROUX;0;7.15;7.11;7.89;8.55;7.57;8.28;7.79;8.51;7.65;7.98;7.30;7.36;7.35;7.58;7.26;7.15;7.48;7.68;Entrants
Centre Ouest;Gare B;2;473207;GUINGAMP;0;NA;7.93;NA;8.69;NA;8.36;NA;8.56;NA;8.45;NA;8.23;NA;8.48;NA;7.97;NA;8.26;Entrants
Centre Ouest;123;2;481754;LA BAULE ESCOUBLAC;0;7.22;8.11;7.63;8.61;7.37;8.32;7.60;8.65;7.62;8.60;7.11;8.36;7.19;8.41;7.03;8.30;6.89;7.53;Entrants
Centre Ouest;123;2;486019;LA ROCHE SUR YON;0;7.69;7.78;8.46;8.92;7.92;8.98;8.59;8.64;7.91;8.48;7.71;7.85;8.16;8.10;7.25;7.60;7.97;7.82;Entrants
Centre Ouest;123;2;478404;LAVAL;0;7.44;7.99;8.41;8.78;8.30;8.64;8.37;8.53;8.07;8.49;7.69;8.01;7.91;8.29;7.46;7.72;7.66;7.83;Entrants
Centre Ouest;123;3;396002;LE MANS;2;7.68;7.54;8.48;8.49;8.43;8.34;8.44;8.27;7.99;7.85;7.46;7.62;7.64;7.88;7.28;7.37;8.03;7.69;Entrants
Centre Ouest;123;2;543017;LES AUBRAIS;0;7.47;7.11;8.54;8.61;8.28;8.35;8.55;8.55;7.99;8.15;7.38;7.56;7.61;7.66;7.14;7.46;7.41;7.79;Entrants
Centre Ouest;123;2;476002;LORIENT BRETAGNE SUD;0;8.07;7.95;8.64;8.75;8.88;8.77;8.22;8.67;8.61;8.61;8.08;8.33;8.34;8.61;7.81;8.06;7.58;8.06;Entrants
Centre Ouest;123;2;474338;MORLAIX;0;7.76;7.90;8.51;8.75;8.21;8.42;8.35;8.34;8.58;8.62;8.07;7.98;8.44;8.36;7.71;7.60;7.77;7.67;Entrants
Centre Ouest;24;3;481002;NANTES;4;6.66;6.72;8.02;7.61;8.17;7.65;7.78;7.47;7.84;7.71;7.21;7.21;7.44;7.37;6.99;7.04;7.27;7.30;Entrants
Centre Ouest;123;2;543009;ORLEANS;0;7.69;7.68;8.73;9.08;8.71;9.02;8.69;9.08;8.33;8.74;7.51;8.28;7.58;8.30;7.43;8.26;7.67;8.51;Entrants
Centre Ouest;123;2;474098;QUIMPER;0;7.01;7.01;8.45;8.53;8.31;8.40;7.71;7.93;7.75;8.11;7.10;7.18;7.29;7.58;6.91;6.77;7.40;7.54;Entrants
Centre Ouest;24;3;471003;RENNES;4;7.32;7.98;7.96;8.19;8.17;8.43;8.54;8.61;8.30;8.68;7.67;8.19;7.79;8.36;7.55;8.03;7.98;8.29;Entrants
Centre Ouest;123;2;473009;ST BRIEUC;2;7.88;7.96;8.81;8.80;8.65;8.59;8.49;8.63;8.46;8.58;7.85;8.05;8.11;8.36;7.60;7.73;8.04;7.59;Entrants
Centre Ouest;123;2;478107;ST MALO;0;7.76;8.23;8.85;9.02;8.83;8.78;8.77;9.03;8.08;8.72;7.03;8.08;7.12;8.40;6.94;7.76;7.91;7.89;Entrants
Centre Ouest;123;2;481705;ST NAZAIRE;2;7.62;7.91;8.84;8.31;8.56;8.20;9.02;8.20;8.69;8.30;7.85;7.93;8.19;8.26;7.51;7.61;7.72;7.34;Entrants
Centre Ouest;36;3;571240;ST PIERRE DES CORPS;0;7.40;7.24;8.34;8.84;8.31;8.78;7.95;8.61;8.02;8.37;7.12;7.58;7.51;7.86;6.73;7.30;7.51;8.04;Entrants
Centre Ouest;36;3;571000;TOURS;2;7.94;7.86;8.73;8.76;8.53;8.63;8.83;9.14;8.31;8.36;7.87;7.39;7.92;7.26;7.82;7.52;8.00;7.59;Entrants
Centre Ouest;123;2;476606;VANNES;0;7.84;7.53;8.77;8.50;8.45;8.18;8.77;8.38;8.52;8.17;7.94;7.66;8.11;7.90;7.78;7.42;7.94;7.55;Entrants
Centre Ouest;123;2;571216;VENDOME VILLIERS SUR LOIR;0;7.82;8.07;8.59;9.00;8.26;8.61;8.41;8.83;8.33;8.63;7.71;8.27;7.98;8.53;7.45;8.01;7.18;7.75;Entrants
Centre Ouest;123;2;576009;VIERZON VILLE;0;7.05;7.45;7.81;8.70;7.70;8.52;7.85;8.52;7.51;8.20;6.76;7.69;6.95;7.91;6.58;7.46;7.26;8.11;Entrants
Est Européen;123;2;171926;CHAMPAGNE ARDENNE;0;8.10;8.09;8.74;8.85;8.66;8.76;8.61;8.72;8.48;8.50;7.97;8.10;8.21;8.44;7.74;7.76;7.38;7.68;Entrants
Est Européen;123;2;172007;CHARLEVILLE MEZIERES;0;7.75;7.60;8.61;8.31;8.17;7.99;8.85;8.50;7.67;7.70;7.41;7.65;7.45;8.03;7.36;7.27;8.36;7.77;Entrants
Est Européen;123;2;182014;COLMAR;0;7.25;7.64;8.06;8.69;7.92;8.33;7.97;8.66;7.54;7.81;7.62;7.55;7.57;7.75;7.67;7.36;7.29;7.20;Entrants
Est Européen;123;2;142109;LORRAINE TGV;0;7.88;8.00;9.18;9.22;9.03;9.21;8.92;8.91;8.94;8.71;8.28;8.29;8.57;8.52;7.98;8.05;8.14;7.73;Entrants
Est Européen;24;3;192039;METZ VILLE;0;7.94;7.96;8.56;8.25;8.36;8.01;8.75;8.41;8.09;8.13;7.81;8.06;7.89;8.18;7.72;7.94;7.83;7.97;Entrants
Est Européen;123;2;147322;MEUSE TGV;0;8.43;8.37;8.89;8.95;8.84;8.83;8.25;8.56;8.81;8.91;8.32;8.73;8.46;8.88;8.17;8.58;6.81;6.31;Entrants
Est Européen;36;3;182063;MULHOUSE VILLE;0;7.62;7.58;8.68;9.03;8.58;8.76;8.69;9.23;7.89;8.02;7.51;7.85;7.78;8.25;7.24;7.46;8.18;7.81;Entrants
Est Européen;36;3;141002;NANCY;4;8.00;7.81;8.77;8.37;8.63;8.17;8.97;8.53;8.38;8.16;8.19;7.76;8.25;7.95;8.12;7.56;8.51;7.94;Entrants
Est Européen;36;2;171009;REIMS;0;8.04;8.33;8.92;9.22;8.62;8.98;8.95;9.19;8.46;8.87;7.98;8.60;8.23;8.79;7.73;8.42;7.67;8.67;Entrants
Est Européen;24;3;212027;STRASBOURG;0;7.81;7.97;8.65;8.75;8.42;8.56;8.73;8.79;8.09;8.33;7.83;7.97;8.02;8.12;7.64;7.82;7.58;8.16;Entrants
Est Européen;123;2;191007;THIONVILLE;0;7.36;7.93;8.74;8.82;8.35;8.57;8.65;8.60;7.87;8.23;7.66;8.02;7.95;8.29;7.37;7.76;7.82;8.23;Entrants
Est Européen;123;2;118000;TROYES;4;7.18;7.57;8.11;8.55;7.80;8.39;8.02;8.68;7.63;7.85;6.98;7.13;7.64;7.27;6.32;6.99;6.73;7.93;Entrants
Grand Sud;123;2;781278;AGDE;0;7.34;7.24;8.83;8.49;8.55;8.21;7.93;7.69;8.20;8.10;8.18;7.62;8.33;7.86;8.02;7.38;6.79;7.18;Entrants
Grand Sud;24;3;319012;AIX EN PROVENCE TGV;0;8.24;7.76;8.37;8.54;8.30;8.51;8.30;8.55;8.69;8.67;8.09;8.14;8.04;8.38;8.14;7.90;7.91;7.40;Entrants
Grand Sud;Gare B;2;751404;AIX VILLE;NA;NA;NA;NA;NA;NA;NA;NA;NA;NA;NA;NA;NA;NA;NA;NA;NA;NA;NA;Entrants
Grand Sud;Gare B;2;615005;ALBI;NA;NA;NA;NA;NA;NA;NA;NA;NA;NA;NA;NA;NA;NA;NA;NA;NA;NA;NA;Entrants
Grand Sud;123;2;757674;ANTIBES;0;7.68;7.07;8.42;8.34;8.15;7.94;8.41;8.40;7.95;7.80;7.86;7.34;7.88;7.51;7.84;7.18;8.05;7.70;Entrants
Grand Sud;Gare B;1;751750;AUBAGNE;0;NA;7.73;NA;8.41;NA;8.06;NA;8.28;NA;8.23;NA;8.08;NA;8.18;NA;7.98;NA;7.55;Entrants
Grand Sud;Gare B;2;765008;AVIGNON CENTRE;0;NA;7.47;NA;8.29;NA;8.18;NA;8.34;NA;7.74;NA;7.44;NA;7.69;NA;7.19;NA;7.76;Entrants
Grand Sud;36;3;318964;AVIGNON TGV;0;7.98;8.02;8.47;8.54;8.52;8.55;8.13;8.28;8.62;8.74;8.16;8.26;8.29;8.37;8.03;8.15;7.88;7.87;Entrants
Grand Sud;123;2;781005;BEZIERS;4;7.02;7.20;8.60;8.38;8.20;7.95;8.30;8.22;7.95;7.84;7.18;7.30;7.61;7.59;6.75;7.02;7.51;7.57;Entrants
Grand Sud;123;2;757625;CANNES;0;7.30;7.55;8.32;8.65;7.87;8.31;8.59;8.92;7.68;8.09;7.42;7.10;7.54;7.26;7.29;6.95;7.59;8.07;Entrants
Grand Sud;123;2;615286;CARCASSONNE;0;7.50;7.44;8.63;8.73;8.41;8.45;8.48;8.51;7.77;8.21;7.34;7.50;7.62;7.77;7.05;7.24;7.80;7.84;Entrants
Grand Sud;Gare B;2;763003;GAP;NA;NA;NA;NA;NA;NA;NA;NA;NA;NA;NA;NA;NA;NA;NA;NA;NA;NA;NA;Entrants
Grand Sud;123;2;755447;LES ARCS DRAGUIGNAN;0;7.39;7.60;8.17;8.49;7.94;8.26;7.88;7.99;8.10;8.17;7.66;7.79;7.93;8.04;7.40;7.54;7.32;7.34;Entrants
Grand Sud;123;2;671339;LOURDES;0;7.58;7.94;8.88;8.63;8.64;8.35;8.90;8.74;8.81;8.58;7.92;7.97;8.39;8.24;7.45;7.69;8.04;8.11;Entrants
Grand Sud;24;3;751008;MARSEILLE ST CHARLES;0;7.05;7.20;8.03;8.37;7.90;8.17;7.97;8.38;7.14;7.48;6.82;7.28;7.04;7.47;6.60;7.09;6.72;7.75;Entrants
Grand Sud;123;2;756403;MONACO;0;8.19;8.29;8.62;8.48;8.48;8.31;8.80;8.57;8.97;9.28;8.39;8.67;8.60;8.83;8.18;8.51;7.73;7.25;Entrants
Grand Sud;123;2;611244;MONTAUBAN VILLE BOURBON;0;7.87;7.87;8.55;8.55;8.40;8.38;8.34;7.98;8.35;8.29;8.11;7.97;8.28;8.09;7.95;7.85;8.02;8.00;Entrants
Grand Sud;24;3;773002;MONTPELLIER SAINT ROCH;0;7.76;7.85;8.15;8.42;8.23;8.55;8.44;8.65;8.29;8.27;8.15;7.83;8.19;7.75;8.11;7.91;7.92;7.85;Entrants
Grand Sud;123;2;688887;MONTPELLIER Sud de France;0;6.70;7.30;7.31;7.92;7.52;8.06;6.93;7.83;7.70;8.33;6.61;7.46;7.01;7.53;6.22;7.38;6.11;6.06;Entrants
Grand Sud;123;2;781104;NARBONNE;2;7.38;7.59;8.60;8.55;8.19;8.30;8.37;8.28;7.99;8.19;7.98;7.93;8.08;8.09;7.88;7.76;7.84;8.24;Entrants
Grand Sud;Gare B;2;756353;NICE RIQUIER;0;6.61;7.07;8.69;8.31;8.20;7.86;8.85;8.52;6.45;7.29;6.46;7.22;6.64;7.39;6.28;7.04;7.59;7.74;Entrants
Grand Sud;24;3;756056;NICE VILLE;0;7.73;7.74;8.46;8.71;8.16;8.21;8.69;9.00;8.24;8.28;7.88;7.74;8.10;7.94;7.66;7.54;7.78;7.69;Entrants
Grand Sud;123;2;775007;NIMES;2;7.72;7.65;8.66;8.20;8.56;8.12;8.80;8.48;8.37;8.17;7.69;7.77;7.67;7.79;7.71;7.76;7.79;7.37;Entrants
Grand Sud;123;2;784009;PERPIGNAN;0;7.48;7.64;8.26;8.52;7.95;8.45;8.50;8.64;7.36;7.88;6.59;7.80;6.72;8.06;6.46;7.53;6.30;7.64;Entrants
Grand Sud;Gare B;1;611400;PORTET ST SIMON;0;NA;7.58;NA;8.54;NA;7.96;NA;8.62;NA;8.56;NA;7.95;NA;8.16;NA;7.73;NA;5.99;Entrants
Grand Sud;123;2;773200;SETE;2;7.16;7.20;8.65;8.49;8.41;8.12;7.80;8.32;8.20;8.03;7.62;7.64;7.93;7.94;7.32;7.34;7.30;7.55;Entrants
Grand Sud;123;2;757526;ST RAPHAEL VALESCURE;0;7.20;7.56;8.05;8.11;7.78;8.02;8.06;7.98;8.17;8.10;8.06;7.88;8.34;7.90;7.79;7.86;7.95;7.89;Entrants
Grand Sud;Gare B;2;615344;ST SULPICE;0;NA;7.75;NA;8.96;NA;8.58;NA;8.85;NA;8.79;NA;8.21;NA;8.54;NA;7.88;NA;6.91;Entrants
Grand Sud;Gare B;2;671008;TARBES;4;NA;7.99;NA;8.73;NA;8.37;NA;8.75;NA;8.53;NA;8.10;NA;8.45;NA;7.76;NA;7.93;Entrants
Grand Sud;123;2;755009;TOULON;0;7.74;7.73;8.07;8.23;7.93;7.92;8.01;8.33;7.83;7.74;7.64;7.57;7.78;7.59;7.49;7.55;7.37;7.68;Entrants
Grand Sud;24;3;611004;TOULOUSE MATABIAU;4;7.61;7.34;8.48;8.73;8.39;8.62;8.69;8.69;8.13;8.30;7.80;7.70;8.10;7.81;7.51;7.60;7.94;8.16;Entrants
Grand Sud;Gare B;3;611301;TOULOUSE ST AGNE;NA;NA;NA;NA;NA;NA;NA;NA;NA;NA;NA;NA;NA;NA;NA;NA;NA;NA;NA;Entrants
Manche Nord;123;3;313874;AMIENS;0;7.35;7.69;8.48;8.86;8.27;8.63;8.51;8.75;7.88;8.11;7.24;7.71;7.36;7.92;7.12;7.49;7.61;8.24;Entrants
Manche Nord;123;2;342014;ARRAS;0;7.54;7.65;7.90;8.69;7.82;8.41;7.83;8.62;7.54;8.17;6.92;7.75;7.04;8.10;6.79;7.41;7.12;7.98;Entrants
Manche Nord;123;2;444000;CAEN;0;7.53;7.61;8.70;8.72;8.59;8.69;8.34;8.58;8.05;8.16;7.32;7.62;7.55;8.00;7.09;7.25;7.46;7.72;Entrants
Manche Nord;123;2;281071;CALAIS FRETHUN;0;7.46;7.78;8.41;8.64;8.49;8.58;7.64;7.70;8.85;8.77;6.94;7.58;7.12;7.72;6.76;7.44;7.10;7.35;Entrants
Manche Nord;123;2;444877;CHERBOURG;0;7.11;7.36;8.55;8.73;8.19;8.57;8.18;7.91;8.01;8.23;7.59;7.88;7.93;8.04;7.25;7.72;7.46;7.65;Entrants
Manche Nord;123;2;276691;COMPIEGNE;0;7.40;7.29;8.74;8.12;8.52;8.11;8.43;8.07;8.22;7.89;7.32;7.63;7.49;7.67;7.14;7.60;7.70;7.32;Entrants
Manche Nord;123;2;345009;DOUAI;0;7.41;7.31;8.77;8.73;8.54;8.50;8.53;8.60;7.75;7.79;7.45;7.51;7.76;7.75;7.15;7.28;7.86;7.66;Entrants
Manche Nord;123;2;281006;DUNKERQUE;0;7.70;7.92;9.39;9.37;9.18;9.20;9.33;9.15;8.10;7.78;6.96;6.82;6.99;6.94;6.93;6.71;8.06;7.27;Entrants
Manche Nord;123;2;387001;EVREUX NORMANDIE;0;7.30;7.39;8.83;8.72;8.42;8.10;8.77;8.78;8.11;8.37;7.51;7.82;7.90;8.03;7.12;7.60;7.56;8.26;Entrants
Manche Nord;123;2;413013;LE HAVRE;0;7.29;7.41;8.61;8.83;8.41;8.52;8.60;9.02;7.62;7.62;7.47;7.66;8.00;8.07;6.94;7.24;7.65;7.78;Entrants
Manche Nord;123;2;345025;LENS;0;7.53;8.02;8.88;9.17;8.50;8.95;8.97;9.16;8.23;8.70;7.77;8.51;8.07;8.75;7.48;8.27;8.15;8.69;Entrants
Manche Nord;24;3;223263;LILLE EUROPE;4;6.94;6.16;8.14;7.73;8.47;8.15;8.29;7.74;7.85;7.75;6.89;6.51;7.09;6.78;6.69;6.25;7.34;7.15;Entrants
Manche Nord;24;3;286005;LILLE FLANDRES;2;7.72;7.70;8.29;8.24;7.99;7.86;8.29;8.20;7.82;7.68;7.31;7.62;7.54;7.80;7.08;7.45;7.61;7.91;Entrants
Manche Nord;123;2;444265;LISIEUX;4;5.11;5.68;6.64;7.35;5.70;7.14;7.18;7.35;6.62;6.89;5.66;6.26;6.06;6.65;5.27;5.87;5.91;6.15;Entrants
Manche Nord;36;3;411017;ROUEN RIVE DROITE;0;7.80;7.72;8.52;8.63;8.43;8.51;8.57;8.68;8.33;8.41;7.57;7.77;7.56;7.96;7.59;7.58;7.74;7.49;Entrants
Manche Nord;123;2;313882;TGV HAUTE PICARDIE;0;7.43;7.86;8.88;8.74;8.81;8.78;8.59;8.48;8.69;8.73;7.69;7.87;7.67;8.03;7.70;7.71;7.19;7.22;Entrants
Manche Nord;Gare B;2;286542;TOURCOING;0;NA;7.77;NA;8.77;NA;8.48;NA;8.81;NA;8.62;NA;8.16;NA;8.27;NA;8.05;NA;7.28;Entrants
Manche Nord;123;2;444372;TROUVILLE DEAUVILLE;0;7.66;7.70;8.90;8.80;8.57;8.46;9.03;8.87;8.60;8.45;7.99;8.38;8.26;8.65;7.71;8.11;6.82;7.76;Entrants
Manche Nord;123;2;343004;VALENCIENNES;0;7.64;7.86;8.60;8.89;8.26;8.61;8.67;8.73;7.61;8.27;7.40;7.80;7.58;8.18;7.22;7.42;7.82;8.25;Entrants
Manche Nord;Gare B;2;415604;VERNON;0;NA;7.53;NA;8.55;NA;8.03;NA;8.35;NA;8.10;NA;7.54;NA;7.80;NA;7.29;NA;7.87;Entrants
Nelle Aquitaine;123;2;586008;AGEN;0;7.80;7.93;8.60;8.59;8.14;8.34;8.72;8.60;8.24;8.39;7.67;8.32;7.64;8.50;7.70;8.14;8.22;8.24;Entrants
Nelle Aquitaine;123;2;583005;ANGOULEME;4;7.95;8.06;9.08;8.95;9.00;8.95;8.78;8.52;8.95;8.81;8.41;8.50;8.57;8.71;8.25;8.29;8.53;8.37;Entrants
Nelle Aquitaine;123;2;673004;BAYONNE;4;6.91;7.55;8.64;8.89;8.59;8.77;8.13;8.51;8.44;8.65;7.80;7.89;8.11;8.17;7.50;7.61;7.57;7.89;Entrants
Nelle Aquitaine;123;2;673400;BIARRITZ;2;7.47;8.08;8.54;8.81;8.20;8.77;8.48;8.68;8.76;8.88;7.82;8.30;8.16;8.56;7.48;8.03;8.03;7.88;Entrants
Nelle Aquitaine;24;3;581009;BORDEAUX ST JEAN;2;7.94;8.12;8.38;8.65;8.59;8.75;8.52;8.78;8.39;8.48;7.89;8.16;8.02;8.25;7.75;8.07;7.94;8.49;Entrants
Nelle Aquitaine;123;2;594002;BRIVE LA GAILLARDE;2;8.24;8.10;9.18;9.08;9.02;8.88;9.08;8.96;8.92;8.83;8.61;8.57;8.83;8.85;8.39;8.30;8.60;8.43;Entrants
Nelle Aquitaine;123;2;575142;CHATELLERAULT;0;7.72;7.96;8.78;8.97;8.58;8.86;8.69;8.85;8.60;8.69;8.22;8.38;8.45;8.62;7.99;8.13;8.42;8.18;Entrants
Nelle Aquitaine;123;2;673202;DAX;4;7.91;7.93;8.61;8.71;8.58;8.48;8.40;8.50;8.43;8.52;7.79;8.28;7.90;8.42;7.69;8.14;7.68;8.15;Entrants
Nelle Aquitaine;123;2;485003;LA ROCHELLE VILLE;4;7.64;7.98;8.22;8.66;8.08;8.57;8.22;8.54;8.12;8.55;7.90;8.39;7.91;8.44;7.88;8.34;7.61;7.94;Entrants
Nelle Aquitaine;123;2;584052;LIBOURNE;0;7.63;7.47;8.83;9.01;8.56;8.85;8.67;8.79;7.75;8.08;7.50;7.77;7.62;7.99;7.38;7.54;8.18;8.46;Entrants
Nelle Aquitaine;123;2;592006;LIMOGES BENEDICTINS;2;7.86;8.12;8.63;8.78;8.57;8.55;8.71;8.81;8.58;8.63;8.14;7.71;8.15;7.65;8.13;7.78;7.65;7.40;Entrants
Nelle Aquitaine;123;2;485300;NIORT;0;7.94;8.01;8.58;8.85;8.57;8.75;8.22;8.61;8.52;8.50;8.10;8.01;8.26;8.31;7.94;7.70;8.37;8.39;Entrants
Nelle Aquitaine;123;2;672006;PAU;2;8.01;7.96;9.09;8.99;9.04;8.84;8.69;8.82;9.01;8.78;8.28;8.19;8.36;8.36;8.20;8.03;8.47;7.99;Entrants
Nelle Aquitaine;Gare B;2;672006;PERIGUEUX;0;7.58;7.82;8.71;9.06;8.21;8.89;8.82;8.97;8.32;8.41;7.73;8.18;7.89;8.36;7.58;8.00;8.05;8.11;Entrants
Nelle Aquitaine;123;2;575001;POITIERS;2;7.58;7.95;8.59;8.97;8.65;8.91;8.44;8.88;8.11;8.36;7.60;8.02;7.80;8.22;7.40;7.82;8.02;8.66;Entrants
DGGP;24;3;271494;AEROPORT CDG2 TGV ROISSY;4;7.51;7.56;NA;7.60;NA;NA;8.02;7.49;8.31;8.16;7.17;7.12;7.38;7.32;6.97;6.91;7.33;7.46;Sortants
DGGP;24;3;111849;MARNE LA VALLEE CHESSY;2;7.48;7.45;NA;7.74;NA;NA;8.02;7.90;8.12;7.94;6.96;7.32;7.05;7.62;6.86;7.03;7.11;7.66;Sortants
DGGP;24;2;393702;MASSY TGV;2;7.30;7.64;NA;8.44;NA;NA;7.82;8.48;7.99;8.32;7.03;8.11;7.24;8.17;6.82;8.05;7.85;8.19;Sortants
DGGP;24;3;547000;PARIS AUSTERLITZ (SURFACE pour entrants);0;7.70;7.68;NA;7.62;NA;NA;7.72;7.80;8.76;8.05;7.57;7.48;7.57;7.68;7.57;7.29;7.47;7.49;Sortants
DGGP;24;3;686667;PARIS BERCY;0;7.21;7.62;NA;8.38;NA;NA;7.99;8.40;7.66;8.51;6.98;7.42;7.04;7.70;6.92;7.15;6.38;7.25;Sortants
DGGP;24;3;113001;PARIS GARE DE L'EST;2;8.19;7.60;NA;7.93;NA;NA;8.35;8.00;8.40;7.56;7.22;7.18;7.18;7.21;7.26;7.14;7.52;7.54;Sortants
DGGP;24;3;686006;PARIS GARE DE LYON (SURFACE pour entrants);4;7.34;7.38;NA;7.96;NA;NA;7.50;7.86;7.71;7.66;7.31;7.45;7.45;7.48;7.17;7.42;7.65;7.47;Sortants
DGGP;24;3;271007;PARIS GARE DU NORD (SURFACE pour entrants);2;6.34;7.32;NA;7.26;NA;NA;6.97;7.50;6.33;7.35;5.38;6.68;5.57;6.94;5.19;6.43;6.58;7.58;Sortants
DGGP;24;3;391003;PARIS MONTPARNASSE;4;7.15;7.66;NA;7.89;NA;NA;7.39;7.93;7.76;7.94;6.76;6.97;7.00;7.00;6.53;6.94;7.46;7.20;Sortants
DGGP;24;3;384008;PARIS ST LAZARE;4;7.41;7.61;NA;8.31;NA;NA;7.52;7.89;7.69;8.01;7.40;7.72;7.54;7.77;7.25;7.67;7.23;7.68;Sortants
CERA;Gare B;2;741132;AIX LES BAINS LE REVARD;0;NA;NA;NA;NA;NA;NA;NA;NA;NA;NA;NA;NA;NA;NA;NA;NA;NA;NA;Sortants
CERA;Gare B;2;743716;AMBERIEU;0;NA;NA;NA;NA;NA;NA;NA;NA;NA;NA;NA;NA;NA;NA;NA;NA;NA;NA;Sortants
CERA;123;2;746008;ANNECY;0;NA;NA;NA;NA;NA;NA;NA;NA;NA;NA;NA;NA;NA;NA;NA;NA;NA;NA;Sortants
CERA;Gare B;2;713545;BEAUNE;0;NA;NA;NA;NA;NA;NA;NA;NA;NA;NA;NA;NA;NA;NA;NA;NA;NA;NA;Sortants
CERA;123;2;300822;BELFORT MONTBELIARD TGV;0;NA;NA;NA;NA;NA;NA;NA;NA;NA;NA;NA;NA;NA;NA;NA;NA;NA;NA;Sortants
CERA;123;2;745000;BELLEGARDE;2;NA;NA;NA;NA;NA;NA;NA;NA;NA;NA;NA;NA;NA;NA;NA;NA;NA;NA;Sortants
CERA;123;2;300863;BESANCON FRANCHE COMTE TGV;0;NA;NA;NA;NA;NA;NA;NA;NA;NA;NA;NA;NA;NA;NA;NA;NA;NA;NA;Sortants
CERA;Gare B;2;184002;BELFORT VILLE;4;NA;NA;NA;NA;NA;NA;NA;NA;NA;NA;NA;NA;NA;NA;NA;NA;NA;NA;Sortants
CERA;123;2;718007;BESANCON VIOTTE;0;NA;NA;NA;NA;NA;NA;NA;NA;NA;NA;NA;NA;NA;NA;NA;NA;NA;NA;Sortants
CERA;123;2;743005;BOURG EN BRESSE;2;NA;NA;NA;NA;NA;NA;NA;NA;NA;NA;NA;NA;NA;NA;NA;NA;NA;NA;Sortants
CERA;123;2;741793;BOURG ST MAURICE;NA;NA;NA;NA;NA;NA;NA;NA;NA;NA;NA;NA;NA;NA;NA;NA;NA;NA;NA;Sortants
CERA;Gare B;2;723429;BOURGOIN JALLIEU;4;NA;NA;NA;NA;NA;NA;NA;NA;NA;NA;NA;NA;NA;NA;NA;NA;NA;NA;Sortants
CERA;Gare B;2;725002;CHALON SUR SAÔNE;0;NA;NA;NA;NA;NA;NA;NA;NA;NA;NA;NA;NA;NA;NA;NA;NA;NA;NA;Sortants
CERA;123;2;741009;CHAMBERY CHALLES LES EAUX;0;NA;NA;NA;NA;NA;NA;NA;NA;NA;NA;NA;NA;NA;NA;NA;NA;NA;NA;Sortants
CERA;123;2;734004;CLERMONT FERRAND;4;NA;NA;NA;NA;NA;NA;NA;NA;NA;NA;NA;NA;NA;NA;NA;NA;NA;NA;Sortants
CERA;36;3;713040;DIJON VILLE;0;7.76;7.94;NA;8.39;NA;NA;8.76;8.36;8.53;8.59;7.89;8.18;8.19;8.41;7.59;7.96;8.02;8.56;Sortants
CERA;36;3;747006;GRENOBLE;0;7.36;7.87;NA;8.12;NA;NA;7.98;8.11;7.72;8.07;7.16;7.70;7.38;7.96;6.93;7.45;6.67;7.68;Sortants
CERA;123;2;694109;LE CREUSOT MONTCEAU MONTCHANIN;0;NA;NA;NA;NA;NA;NA;NA;NA;NA;NA;NA;NA;NA;NA;NA;NA;NA;NA;Sortants
CERA;24;3;723197;LYON PART DIEU;4;6.96;6.69;NA;7.62;NA;NA;7.33;7.07;7.44;7.46;6.45;6.19;6.68;6.35;6.22;6.03;7.33;7.23;Sortants
CERA;24;3;722025;LYON PERRACHE;4;7.39;7.26;NA;7.85;NA;NA;8.07;7.89;8.28;8.22;8.02;7.64;8.39;7.99;7.65;7.28;8.06;7.86;Sortants
CERA;36;2;762906;LYON SAINT EXUPERY TGV;0;8.10;8.48;NA;8.67;NA;NA;8.48;8.92;8.38;8.68;7.95;8.28;7.97;8.63;7.93;7.92;7.35;7.18;Sortants
CERA;Gare B;2;721159;LYON SAINT PAUL;0;NA;NA;NA;NA;NA;NA;NA;NA;NA;NA;NA;NA;NA;NA;NA;NA;NA;NA;Sortants
CERA;123;2;725705;MACON LOCHE TGV;0;NA;NA;NA;NA;NA;NA;NA;NA;NA;NA;NA;NA;NA;NA;NA;NA;NA;NA;Sortants
CERA;Gare B;2;725689;MACON VILLE;0;NA;NA;NA;NA;NA;NA;NA;NA;NA;NA;NA;NA;NA;NA;NA;NA;NA;NA;Sortants
CERA;123;2;764001;MONTELIMAR GARE SNCF;0;NA;NA;NA;NA;NA;NA;NA;NA;NA;NA;NA;NA;NA;NA;NA;NA;NA;NA;Sortants
CERA;Gare B;2;696328;MOULINS SUR ALLIER;4;NA;NA;NA;NA;NA;NA;NA;NA;NA;NA;NA;NA;NA;NA;NA;NA;NA;NA;Sortants
CERA;123;2;741728;MOUTIERS SALINS;NA;NA;NA;NA;NA;NA;NA;NA;NA;NA;NA;NA;NA;NA;NA;NA;NA;NA;NA;Sortants
CERA;123;2;696005;NEVERS;2;NA;NA;NA;NA;NA;NA;NA;NA;NA;NA;NA;NA;NA;NA;NA;NA;NA;NA;Sortants
CERA;Gare B;2;734053;RIOM CHATEL GUYON;0;NA;NA;NA;NA;NA;NA;NA;NA;NA;NA;NA;NA;NA;NA;NA;NA;NA;NA;Sortants
CERA;Gare B;2;726802;ROANNE;0;NA;NA;NA;NA;NA;NA;NA;NA;NA;NA;NA;NA;NA;NA;NA;NA;NA;NA;Sortants
CERA;Gare B;2;683003;SENS;0;NA;NA;NA;NA;NA;NA;NA;NA;NA;NA;NA;NA;NA;NA;NA;NA;NA;NA;Sortants
CERA;123;2;726000;ST ETIENNE CHATEAUCREUX;2;NA;NA;NA;NA;NA;NA;NA;NA;NA;NA;NA;NA;NA;NA;NA;NA;NA;NA;Sortants
CERA;36;2;763029;VALENCE TGV RHONE ALPES SUD;2;7.69;8.25;NA;8.48;NA;NA;8.40;8.61;9.21;8.83;7.34;8.21;7.42;8.29;7.27;8.13;6.86;7.72;Sortants
CERA;Gare B;2;761007;VALENCE VILLE;4;NA;NA;NA;NA;NA;NA;NA;NA;NA;NA;NA;NA;NA;NA;NA;NA;NA;NA;Sortants
CERA;123;2;732008;VICHY;4;NA;NA;NA;NA;NA;NA;NA;NA;NA;NA;NA;NA;NA;NA;NA;NA;NA;NA;Sortants
CERA;Gare B;2;722587;VIENNE;0;NA;NA;NA;NA;NA;NA;NA;NA;NA;NA;NA;NA;NA;NA;NA;NA;NA;NA;Sortants
CERA;Gare B;2;721332;VILLEFRANCHE SUR SAONE;0;NA;NA;NA;NA;NA;NA;NA;NA;NA;NA;NA;NA;NA;NA;NA;NA;NA;NA;Sortants
CERA;Gare B;2;747287;VOIRON;2;NA;NA;NA;NA;NA;NA;NA;NA;NA;NA;NA;NA;NA;NA;NA;NA;NA;NA;Sortants
Centre Ouest;36;3;484006;ANGERS ST LAUD;0;8.17;7.83;NA;8.23;NA;NA;8.74;8.23;8.27;8.14;8.24;8.04;8.13;8.09;8.36;7.99;8.65;7.97;Sortants
Centre Ouest;123;2;476200;AURAY;0;NA;NA;NA;NA;NA;NA;NA;NA;NA;NA;NA;NA;NA;NA;NA;NA;NA;NA;Sortants
Centre Ouest;123;2;574004;BLOISNACHAMBORD;0;NA;NA;NA;NA;NA;NA;NA;NA;NA;NA;NA;NA;NA;NA;NA;NA;NA;NA;Sortants
Centre Ouest;123;2;576207;BOURGES;0;NA;NA;NA;NA;NA;NA;NA;NA;NA;NA;NA;NA;NA;NA;NA;NA;NA;NA;Sortants
Centre Ouest;123;2;474007;BREST;0;NA;NA;NA;NA;NA;NA;NA;NA;NA;NA;NA;NA;NA;NA;NA;NA;NA;NA;Sortants
Centre Ouest;123;2;597005;CHATEAUROUX;0;NA;NA;NA;NA;NA;NA;NA;NA;NA;NA;NA;NA;NA;NA;NA;NA;NA;NA;Sortants
Centre Ouest;Gare B;2;473207;GUINGAMP;0;NA;NA;NA;NA;NA;NA;NA;NA;NA;NA;NA;NA;NA;NA;NA;NA;NA;NA;Sortants
Centre Ouest;123;2;481754;LA BAULE ESCOUBLAC;0;NA;NA;NA;NA;NA;NA;NA;NA;NA;NA;NA;NA;NA;NA;NA;NA;NA;NA;Sortants
Centre Ouest;123;2;486019;LA ROCHE SUR YON;0;NA;NA;NA;NA;NA;NA;NA;NA;NA;NA;NA;NA;NA;NA;NA;NA;NA;NA;Sortants
Centre Ouest;123;2;478404;LAVAL;0;NA;NA;NA;NA;NA;NA;NA;NA;NA;NA;NA;NA;NA;NA;NA;NA;NA;NA;Sortants
Centre Ouest;123;3;396002;LE MANS;2;NA;NA;NA;NA;NA;NA;NA;NA;NA;NA;NA;NA;NA;NA;NA;NA;NA;NA;Sortants
Centre Ouest;123;2;543017;LES AUBRAIS;0;NA;NA;NA;NA;NA;NA;NA;NA;NA;NA;NA;NA;NA;NA;NA;NA;NA;NA;Sortants
Centre Ouest;123;2;476002;LORIENT BRETAGNE SUD;0;NA;NA;NA;NA;NA;NA;NA;NA;NA;NA;NA;NA;NA;NA;NA;NA;NA;NA;Sortants
Centre Ouest;123;2;474338;MORLAIX;0;NA;NA;NA;NA;NA;NA;NA;NA;NA;NA;NA;NA;NA;NA;NA;NA;NA;NA;Sortants
Centre Ouest;24;3;481002;NANTES;4;6.80;6.65;NA;7.09;NA;NA;7.77;7.04;7.61;7.63;7.20;6.80;7.45;6.98;6.96;6.61;7.09;6.89;Sortants
Centre Ouest;123;2;543009;ORLEANS;0;NA;NA;NA;NA;NA;NA;NA;NA;NA;NA;NA;NA;NA;NA;NA;NA;NA;NA;Sortants
Centre Ouest;123;2;474098;QUIMPER;0;NA;NA;NA;NA;NA;NA;NA;NA;NA;NA;NA;NA;NA;NA;NA;NA;NA;NA;Sortants
Centre Ouest;24;3;471003;RENNES;4;7.33;8.21;NA;7.94;NA;NA;7.85;8.41;8.19;8.96;7.49;8.26;7.55;8.36;7.43;8.16;7.67;8.08;Sortants
Centre Ouest;123;2;473009;ST BRIEUC;2;NA;NA;NA;NA;NA;NA;NA;NA;NA;NA;NA;NA;NA;NA;NA;NA;NA;NA;Sortants
Centre Ouest;123;2;478107;ST MALO;0;NA;NA;NA;NA;NA;NA;NA;NA;NA;NA;NA;NA;NA;NA;NA;NA;NA;NA;Sortants
Centre Ouest;123;2;481705;ST NAZAIRE;2;NA;NA;NA;NA;NA;NA;NA;NA;NA;NA;NA;NA;NA;NA;NA;NA;NA;NA;Sortants
Centre Ouest;36;3;571240;ST PIERRE DES CORPS;0;7.64;7.17;NA;8.81;NA;NA;8.29;8.85;8.04;8.42;7.06;7.08;7.44;7.36;6.67;6.79;6.92;7.27;Sortants
Centre Ouest;36;3;571000;TOURS;2;7.91;8.03;NA;8.73;NA;NA;8.56;8.73;8.25;8.35;7.36;7.46;7.21;7.08;7.51;7.84;7.35;7.37;Sortants
Centre Ouest;123;2;476606;VANNES;0;NA;NA;NA;NA;NA;NA;NA;NA;NA;NA;NA;NA;NA;NA;NA;NA;NA;NA;Sortants
Centre Ouest;123;2;571216;VENDOME VILLIERS SUR LOIR;0;NA;NA;NA;NA;NA;NA;NA;NA;NA;NA;NA;NA;NA;NA;NA;NA;NA;NA;Sortants
Centre Ouest;123;2;576009;VIERZON VILLE;0;NA;NA;NA;NA;NA;NA;NA;NA;NA;NA;NA;NA;NA;NA;NA;NA;NA;NA;Sortants
Est Européen;123;2;171926;CHAMPAGNE ARDENNE;0;NA;NA;NA;NA;NA;NA;NA;NA;NA;NA;NA;NA;NA;NA;NA;NA;NA;NA;Sortants
Est Européen;123;2;172007;CHARLEVILLE MEZIERES;0;NA;NA;NA;NA;NA;NA;NA;NA;NA;NA;NA;NA;NA;NA;NA;NA;NA;NA;Sortants
Est Européen;123;2;182014;COLMAR;0;NA;NA;NA;NA;NA;NA;NA;NA;NA;NA;NA;NA;NA;NA;NA;NA;NA;NA;Sortants
Est Européen;123;2;142109;LORRAINE TGV;0;NA;NA;NA;NA;NA;NA;NA;NA;NA;NA;NA;NA;NA;NA;NA;NA;NA;NA;Sortants
Est Européen;24;3;192039;METZ VILLE;0;8.40;8.32;NA;8.66;NA;NA;8.70;8.53;8.32;8.27;8.08;8.26;8.20;8.44;7.95;8.09;7.80;8.22;Sortants
Est Européen;123;2;147322;MEUSE TGV;0;NA;NA;NA;NA;NA;NA;NA;NA;NA;NA;NA;NA;NA;NA;NA;NA;NA;NA;Sortants
Est Européen;36;3;182063;MULHOUSE VILLE;0;7.58;7.69;NA;9.20;NA;NA;8.82;9.04;8.04;7.96;7.34;7.78;7.69;8.11;7.00;7.44;7.87;7.31;Sortants
Est Européen;36;3;141002;NANCY;4;7.99;7.64;NA;8.09;NA;NA;8.20;8.18;8.08;7.91;7.70;7.69;7.74;7.76;7.67;7.62;7.81;7.78;Sortants
Est Européen;36;2;171009;REIMS;0;8.15;8.49;NA;9.11;NA;NA;9.07;8.94;8.50;8.87;8.05;8.62;8.26;8.79;7.83;8.44;7.67;8.04;Sortants
Est Européen;24;3;212027;STRASBOURG;0;7.80;8.03;NA;8.37;NA;NA;8.28;8.35;7.77;8.14;7.55;7.87;7.63;7.93;7.47;7.82;7.42;7.77;Sortants
Est Européen;123;2;191007;THIONVILLE;0;NA;NA;NA;NA;NA;NA;NA;NA;NA;NA;NA;NA;NA;NA;NA;NA;NA;NA;Sortants
Est Européen;123;2;118000;TROYES;4;NA;NA;NA;NA;NA;NA;NA;NA;NA;NA;NA;NA;NA;NA;NA;NA;NA;NA;Sortants
Grand Sud;123;2;781278;AGDE;0;NA;NA;NA;NA;NA;NA;NA;NA;NA;NA;NA;NA;NA;NA;NA;NA;NA;NA;Sortants
Grand Sud;24;3;319012;AIX EN PROVENCE TGV;0;8.49;7.68;NA;8.14;NA;NA;8.48;8.03;8.76;8.38;8.42;7.54;8.38;7.88;8.47;7.20;7.22;6.78;Sortants
Grand Sud;Gare B;2;751404;AIX VILLE;NA;NA;NA;NA;NA;NA;NA;NA;NA;NA;NA;NA;NA;NA;NA;NA;NA;NA;NA;Sortants
Grand Sud;Gare B;2;615005;ALBI;NA;NA;NA;NA;NA;NA;NA;NA;NA;NA;NA;NA;NA;NA;NA;NA;NA;NA;NA;Sortants
Grand Sud;123;2;757674;ANTIBES;0;NA;NA;NA;NA;NA;NA;NA;NA;NA;NA;NA;NA;NA;NA;NA;NA;NA;NA;Sortants
Grand Sud;Gare B;1;751750;AUBAGNE;0;NA;NA;NA;NA;NA;NA;NA;NA;NA;NA;NA;NA;NA;NA;NA;NA;NA;NA;Sortants
Grand Sud;Gare B;2;765008;AVIGNON CENTRE;0;NA;NA;NA;NA;NA;NA;NA;NA;NA;NA;NA;NA;NA;NA;NA;NA;NA;NA;Sortants
Grand Sud;36;3;318964;AVIGNON TGV;0;8.14;8.08;NA;8.36;NA;NA;8.39;8.52;8.88;8.88;8.30;8.26;8.35;8.44;8.25;8.07;8.08;7.72;Sortants
Grand Sud;123;2;781005;BEZIERS;4;NA;NA;NA;NA;NA;NA;NA;NA;NA;NA;NA;NA;NA;NA;NA;NA;NA;NA;Sortants
Grand Sud;123;2;757625;CANNES;0;NA;NA;NA;NA;NA;NA;NA;NA;NA;NA;NA;NA;NA;NA;NA;NA;NA;NA;Sortants
Grand Sud;123;2;615286;CARCASSONNE;0;NA;NA;NA;NA;NA;NA;NA;NA;NA;NA;NA;NA;NA;NA;NA;NA;NA;NA;Sortants
Grand Sud;Gare B;2;763003;GAP;NA;NA;NA;NA;NA;NA;NA;NA;NA;NA;NA;NA;NA;NA;NA;NA;NA;NA;NA;Sortants
Grand Sud;123;2;755447;LES ARCS DRAGUIGNAN;0;NA;NA;NA;NA;NA;NA;NA;NA;NA;NA;NA;NA;NA;NA;NA;NA;NA;NA;Sortants
Grand Sud;123;2;671339;LOURDES;0;NA;NA;NA;NA;NA;NA;NA;NA;NA;NA;NA;NA;NA;NA;NA;NA;NA;NA;Sortants
Grand Sud;24;3;751008;MARSEILLE ST CHARLES;0;7.02;8.11;NA;8.43;NA;NA;7.20;8.38;6.91;8.15;6.52;7.79;6.71;7.99;6.33;7.59;5.82;7.58;Sortants
Grand Sud;123;2;756403;MONACO;0;NA;NA;NA;NA;NA;NA;NA;NA;NA;NA;NA;NA;NA;NA;NA;NA;NA;NA;Sortants
Grand Sud;123;2;611244;MONTAUBAN VILLE BOURBON;0;NA;NA;NA;NA;NA;NA;NA;NA;NA;NA;NA;NA;NA;NA;NA;NA;NA;NA;Sortants
Grand Sud;24;3;773002;MONTPELLIER SAINT ROCH;0;7.98;7.72;NA;7.92;NA;NA;8.09;8.04;8.08;8.26;7.93;8.03;7.93;8.18;7.93;7.88;7.70;7.71;Sortants
Grand Sud;123;2;688887;MONTPELLIER Sud de France;0;NA;NA;NA;NA;NA;NA;NA;NA;NA;NA;NA;NA;NA;NA;NA;NA;NA;NA;Sortants
Grand Sud;123;2;781104;NARBONNE;2;NA;NA;NA;NA;NA;NA;NA;NA;NA;NA;NA;NA;NA;NA;NA;NA;NA;NA;Sortants
Grand Sud;Gare B;2;756353;NICE RIQUIER;0;NA;NA;NA;NA;NA;NA;NA;NA;NA;NA;NA;NA;NA;NA;NA;NA;NA;NA;Sortants
Grand Sud;24;3;756056;NICE VILLE;0;7.95;7.43;NA;8.16;NA;NA;8.72;8.05;8.16;7.48;7.98;6.95;8.19;7.16;7.77;6.74;7.81;7.50;Sortants
Grand Sud;123;2;775007;NIMES;2;NA;NA;NA;NA;NA;NA;NA;NA;NA;NA;NA;NA;NA;NA;NA;NA;NA;NA;Sortants
Grand Sud;123;2;784009;PERPIGNAN;0;NA;NA;NA;NA;NA;NA;NA;NA;NA;NA;NA;NA;NA;NA;NA;NA;NA;NA;Sortants
Grand Sud;Gare B;1;611400;PORTET ST SIMON;0;NA;NA;NA;NA;NA;NA;NA;NA;NA;NA;NA;NA;NA;NA;NA;NA;NA;NA;Sortants
Grand Sud;123;2;773200;SETE;2;NA;NA;NA;NA;NA;NA;NA;NA;NA;NA;NA;NA;NA;NA;NA;NA;NA;NA;Sortants
Grand Sud;123;2;757526;ST RAPHAEL VALESCURE;0;NA;NA;NA;NA;NA;NA;NA;NA;NA;NA;NA;NA;NA;NA;NA;NA;NA;NA;Sortants
Grand Sud;Gare B;2;615344;ST SULPICE;0;NA;NA;NA;NA;NA;NA;NA;NA;NA;NA;NA;NA;NA;NA;NA;NA;NA;NA;Sortants
Grand Sud;Gare B;2;671008;TARBES;4;NA;NA;NA;NA;NA;NA;NA;NA;NA;NA;NA;NA;NA;NA;NA;NA;NA;NA;Sortants
Grand Sud;123;2;755009;TOULON;0;NA;NA;NA;NA;NA;NA;NA;NA;NA;NA;NA;NA;NA;NA;NA;NA;NA;NA;Sortants
Grand Sud;24;3;611004;TOULOUSE MATABIAU;4;7.51;7.53;NA;8.40;NA;NA;8.40;8.20;8.20;8.22;7.72;7.62;7.96;7.84;7.48;7.39;7.82;7.73;Sortants
Grand Sud;Gare B;3;611301;TOULOUSE ST AGNE;NA;NA;NA;NA;NA;NA;NA;NA;NA;NA;NA;NA;NA;NA;NA;NA;NA;NA;NA;Sortants
Manche Nord;123;3;313874;AMIENS;0;NA;NA;NA;NA;NA;NA;NA;NA;NA;NA;NA;NA;NA;NA;NA;NA;NA;NA;Sortants
Manche Nord;123;2;342014;ARRAS;0;NA;NA;NA;NA;NA;NA;NA;NA;NA;NA;NA;NA;NA;NA;NA;NA;NA;NA;Sortants
Manche Nord;123;2;444000;CAEN;0;NA;NA;NA;NA;NA;NA;NA;NA;NA;NA;NA;NA;NA;NA;NA;NA;NA;NA;Sortants
Manche Nord;123;2;281071;CALAIS FRETHUN;0;NA;NA;NA;NA;NA;NA;NA;NA;NA;NA;NA;NA;NA;NA;NA;NA;NA;NA;Sortants
Manche Nord;123;2;444877;CHERBOURG;0;NA;NA;NA;NA;NA;NA;NA;NA;NA;NA;NA;NA;NA;NA;NA;NA;NA;NA;Sortants
Manche Nord;123;2;276691;COMPIEGNE;0;NA;NA;NA;NA;NA;NA;NA;NA;NA;NA;NA;NA;NA;NA;NA;NA;NA;NA;Sortants
Manche Nord;123;2;345009;DOUAI;0;NA;NA;NA;NA;NA;NA;NA;NA;NA;NA;NA;NA;NA;NA;NA;NA;NA;NA;Sortants
Manche Nord;123;2;281006;DUNKERQUE;0;NA;NA;NA;NA;NA;NA;NA;NA;NA;NA;NA;NA;NA;NA;NA;NA;NA;NA;Sortants
Manche Nord;123;2;387001;EVREUX NORMANDIE;0;NA;NA;NA;NA;NA;NA;NA;NA;NA;NA;NA;NA;NA;NA;NA;NA;NA;NA;Sortants
Manche Nord;123;2;413013;LE HAVRE;0;NA;NA;NA;NA;NA;NA;NA;NA;NA;NA;NA;NA;NA;NA;NA;NA;NA;NA;Sortants
Manche Nord;123;2;345025;LENS;0;NA;NA;NA;NA;NA;NA;NA;NA;NA;NA;NA;NA;NA;NA;NA;NA;NA;NA;Sortants
Manche Nord;24;3;223263;LILLE EUROPE;4;7.19;6.90;NA;7.62;NA;NA;7.88;7.44;8.15;7.94;7.01;6.74;7.24;7.02;6.78;6.46;7.10;7.68;Sortants
Manche Nord;24;3;286005;LILLE FLANDRES;2;7.73;7.81;NA;8.38;NA;NA;8.02;8.06;7.67;7.87;7.13;7.62;7.32;7.88;6.94;7.37;7.67;7.68;Sortants
Manche Nord;123;2;444265;LISIEUX;4;NA;NA;NA;NA;NA;NA;NA;NA;NA;NA;NA;NA;NA;NA;NA;NA;NA;NA;Sortants
Manche Nord;36;3;411017;ROUEN RIVE DROITE;0;7.75;7.85;NA;8.60;NA;NA;8.51;8.25;8.42;8.36;7.16;7.48;7.13;7.66;7.18;7.30;7.10;6.43;Sortants
Manche Nord;123;2;313882;TGV HAUTE PICARDIE;0;NA;NA;NA;NA;NA;NA;NA;NA;NA;NA;NA;NA;NA;NA;NA;NA;NA;NA;Sortants
Manche Nord;Gare B;2;286542;TOURCOING;0;NA;NA;NA;NA;NA;NA;NA;NA;NA;NA;NA;NA;NA;NA;NA;NA;NA;NA;Sortants
Manche Nord;123;2;444372;TROUVILLE DEAUVILLE;0;NA;NA;NA;NA;NA;NA;NA;NA;NA;NA;NA;NA;NA;NA;NA;NA;NA;NA;Sortants
Manche Nord;123;2;343004;VALENCIENNES;0;NA;NA;NA;NA;NA;NA;NA;NA;NA;NA;NA;NA;NA;NA;NA;NA;NA;NA;Sortants
Manche Nord;Gare B;2;415604;VERNON;0;NA;NA;NA;NA;NA;NA;NA;NA;NA;NA;NA;NA;NA;NA;NA;NA;NA;NA;Sortants
Nelle Aquitaine;123;2;586008;AGEN;0;NA;NA;NA;NA;NA;NA;NA;NA;NA;NA;NA;NA;NA;NA;NA;NA;NA;NA;Sortants
Nelle Aquitaine;123;2;583005;ANGOULEME;4;NA;NA;NA;NA;NA;NA;NA;NA;NA;NA;NA;NA;NA;NA;NA;NA;NA;NA;Sortants
Nelle Aquitaine;123;2;673004;BAYONNE;4;NA;NA;NA;NA;NA;NA;NA;NA;NA;NA;NA;NA;NA;NA;NA;NA;NA;NA;Sortants
Nelle Aquitaine;123;2;673400;BIARRITZ;2;NA;NA;NA;NA;NA;NA;NA;NA;NA;NA;NA;NA;NA;NA;NA;NA;NA;NA;Sortants
Nelle Aquitaine;24;3;581009;BORDEAUX ST JEAN;2;8.12;7.95;NA;8.23;NA;NA;7.96;8.03;8.40;8.63;7.92;8.28;8.01;8.30;7.83;8.27;7.38;8.11;Sortants
Nelle Aquitaine;123;2;594002;BRIVE LA GAILLARDE;2;NA;NA;NA;NA;NA;NA;NA;NA;NA;NA;NA;NA;NA;NA;NA;NA;NA;NA;Sortants
Nelle Aquitaine;123;2;575142;CHATELLERAULT;0;NA;NA;NA;NA;NA;NA;NA;NA;NA;NA;NA;NA;NA;NA;NA;NA;NA;NA;Sortants
Nelle Aquitaine;123;2;673202;DAX;4;NA;NA;NA;NA;NA;NA;NA;NA;NA;NA;NA;NA;NA;NA;NA;NA;NA;NA;Sortants
Nelle Aquitaine;123;2;485003;LA ROCHELLE VILLE;4;NA;NA;NA;NA;NA;NA;NA;NA;NA;NA;NA;NA;NA;NA;NA;NA;NA;NA;Sortants
Nelle Aquitaine;123;2;584052;LIBOURNE;0;NA;NA;NA;NA;NA;NA;NA;NA;NA;NA;NA;NA;NA;NA;NA;NA;NA;NA;Sortants
Nelle Aquitaine;123;2;592006;LIMOGES BENEDICTINS;2;NA;NA;NA;NA;NA;NA;NA;NA;NA;NA;NA;NA;NA;NA;NA;NA;NA;NA;Sortants
Nelle Aquitaine;123;2;485300;NIORT;0;NA;NA;NA;NA;NA;NA;NA;NA;NA;NA;NA;NA;NA;NA;NA;NA;NA;NA;Sortants
Nelle Aquitaine;123;2;672006;PAU;2;NA;NA;NA;NA;NA;NA;NA;NA;NA;NA;NA;NA;NA;NA;NA;NA;NA;NA;Sortants
Nelle Aquitaine;Gare B;2;672006;PERIGUEUX;0;NA;NA;NA;NA;NA;NA;NA;NA;NA;NA;NA;NA;NA;NA;NA;NA;NA;NA;Sortants
Nelle Aquitaine;123;2;575001;POITIERS;2;NA;NA;NA;NA;NA;NA;NA;NA;NA;NA;NA;NA;NA;NA;NA;NA;NA;NA;Sortants